symbol,timestamp,open,high,low,close,volume,exchange
TSLA,2025-09-20T22:42:09.133635Z,245.1,246.18,244.39,245.63,836645,NASDAQ
NVDA,2025-09-20T22:43:09.133635Z,449.12,450.8,446.45,448.21,874276,NASDAQ
META,2025-09-20T22:44:09.133635Z,296.56,296.92,295.76,296.46,279930,NASDAQ
META,2025-09-20T22:45:09.133635Z,304.75,305.6,303.38,304.8,271023,NASDAQ
AMZN,2025-09-20T22:46:09.133635Z,3226.97,3234.07,3217.78,3221.99,901231,NASDAQ
ADBE,2025-09-20T22:47:09.133635Z,492.91,495.09,490.95,492.02,290130,NASDAQ
TSLA,2025-09-20T22:48:09.133635Z,254.86,255.86,253.42,254.28,474802,NASDAQ
TSLA,2025-09-20T22:49:09.133635Z,248.04,248.67,247.07,247.98,150587,NASDAQ
NFLX,2025-09-20T22:50:09.133635Z,402.11,403.86,401.46,402.84,599809,NASDAQ
NVDA,2025-09-20T22:51:09.133635Z,443.41,445.01,441.46,442.95,304810,NASDAQ
TSLA,2025-09-20T22:52:09.133635Z,246.66,247.25,246.12,246.43,701503,NASDAQ
TSLA,2025-09-20T22:53:09.133635Z,245.6,246.3,245.1,245.6,647555,NASDAQ
GOOGL,2025-09-20T22:54:09.133635Z,2823.18,2828.01,2816.4,2822.11,400462,NASDAQ
MSFT,2025-09-20T22:55:09.133635Z,345.64,346.86,344.55,345.37,939668,NASDAQ
TSLA,2025-09-20T22:56:09.133635Z,253.28,253.79,252.66,252.92,470318,NASDAQ
NVDA,2025-09-20T22:57:09.133635Z,446.98,448.89,446.09,447.82,281768,NASDAQ
ADBE,2025-09-20T22:58:09.133635Z,508.47,510.09,506.67,507.44,839841,NASDAQ
AMZN,2025-09-20T22:59:09.133635Z,3244.73,3251.37,3240.07,3246.57,481099,NASDAQ
AAPL,2025-09-20T23:00:09.133635Z,152.48,152.7,152.0,152.2,647330,NASDAQ
GOOGL,2025-09-20T23:01:09.133635Z,2797.38,2817.14,2789.88,2804.17,352589,NASDAQ
NFLX,2025-09-20T23:02:09.133635Z,400.92,401.85,399.09,400.82,297378,NASDAQ
AAPL,2025-09-20T23:03:09.133635Z,152.76,153.81,152.53,153.1,849236,NASDAQ
AAPL,2025-09-20T23:04:09.133635Z,149.15,149.68,148.91,149.21,933904,NASDAQ
AMZN,2025-09-20T23:05:09.133635Z,3176.44,3189.54,3170.7,3179.58,380847,NASDAQ
AMZN,2025-09-20T23:06:09.133635Z,3171.3,3191.83,3166.17,3182.72,147224,NASDAQ
NVDA,2025-09-20T23:07:09.133635Z,452.5,453.09,449.5,451.24,704407,NASDAQ
ADBE,2025-09-20T23:08:09.133635Z,503.35,505.65,501.34,503.53,317354,NASDAQ
GOOGL,2025-09-20T23:09:09.133635Z,2828.39,2846.49,2821.04,2832.59,127440,NASDAQ
NVDA,2025-09-20T23:10:09.133635Z,449.76,451.14,448.58,449.95,240052,NASDAQ
GOOGL,2025-09-20T23:11:09.133635Z,2810.71,2824.11,2801.58,2808.21,978124,NASDAQ
GOOGL,2025-09-20T23:12:09.133635Z,2747.31,2760.63,2733.28,2745.46,212668,NASDAQ
TSLA,2025-09-20T23:13:09.133635Z,245.63,246.47,244.82,246.13,302750,NASDAQ
MSFT,2025-09-20T23:14:09.133635Z,350.52,352.68,349.51,351.25,708659,NASDAQ
META,2025-09-20T23:15:09.133635Z,303.34,304.27,302.12,303.83,456062,NASDAQ
MSFT,2025-09-20T23:16:09.133635Z,353.44,355.12,350.92,352.46,421894,NASDAQ
AMZN,2025-09-20T23:17:09.133635Z,3199.53,3205.52,3184.01,3191.21,752830,NASDAQ
AAPL,2025-09-20T23:18:09.133635Z,151.02,151.47,150.11,150.7,809725,NASDAQ
GOOGL,2025-09-20T23:19:09.133635Z,2842.0,2848.15,2833.77,2839.64,702791,NASDAQ
NFLX,2025-09-20T23:20:09.133635Z,402.82,404.04,400.52,402.41,200135,NASDAQ
CRM,2025-09-20T23:21:09.133635Z,198.31,198.65,197.66,198.23,471658,NASDAQ
META,2025-09-20T23:22:09.133635Z,305.99,306.87,305.15,305.69,881097,NASDAQ
ADBE,2025-09-20T23:23:09.133635Z,499.72,501.27,496.99,498.49,723842,NASDAQ
MSFT,2025-09-20T23:24:09.133635Z,350.99,352.13,349.21,350.12,293312,NASDAQ
AAPL,2025-09-20T23:25:09.133635Z,150.84,151.22,149.97,150.58,778145,NASDAQ
CRM,2025-09-20T23:26:09.133635Z,195.95,196.22,195.12,195.72,571545,NASDAQ
NFLX,2025-09-20T23:27:09.133635Z,397.51,398.86,395.81,397.98,619686,NASDAQ
MSFT,2025-09-20T23:28:09.133635Z,343.04,344.79,341.81,343.2,1025226,NASDAQ
ADBE,2025-09-20T23:29:09.133635Z,503.71,505.72,502.35,505.04,818428,NASDAQ
CRM,2025-09-20T23:30:09.133635Z,199.67,200.02,199.26,199.69,633803,NASDAQ
NFLX,2025-09-20T23:31:09.133635Z,403.26,405.1,401.73,403.54,556550,NASDAQ
ADBE,2025-09-20T23:32:09.133635Z,499.15,500.55,497.56,499.15,503692,NASDAQ
AMZN,2025-09-20T23:33:09.133635Z,3190.34,3195.85,3182.16,3189.54,191270,NASDAQ
GOOGL,2025-09-20T23:34:09.133635Z,2751.25,2754.2,2745.87,2749.27,596746,NASDAQ
NVDA,2025-09-20T23:35:09.133635Z,452.92,455.31,452.17,453.25,593794,NASDAQ
ADBE,2025-09-20T23:36:09.133635Z,493.35,495.51,491.17,493.41,560260,NASDAQ
GOOGL,2025-09-20T23:37:09.133635Z,2845.67,2854.96,2828.79,2841.04,957597,NASDAQ
TSLA,2025-09-20T23:38:09.133635Z,251.82,253.27,251.25,252.4,295917,NASDAQ
GOOGL,2025-09-20T23:39:09.133635Z,2850.62,2861.42,2832.95,2842.18,531480,NASDAQ
TSLA,2025-09-20T23:40:09.133635Z,245.6,246.21,244.59,245.32,983479,NASDAQ
GOOGL,2025-09-20T23:41:09.133635Z,2840.61,2846.84,2831.84,2840.05,822949,NASDAQ
AAPL,2025-09-20T23:42:09.133635Z,150.45,151.4,150.13,150.84,355545,NASDAQ
AAPL,2025-09-20T23:43:09.133635Z,148.89,149.51,148.25,149.03,188297,NASDAQ
ADBE,2025-09-20T23:44:09.133635Z,491.42,493.44,490.39,491.21,720773,NASDAQ
NVDA,2025-09-20T23:45:09.133635Z,453.01,455.47,452.4,453.64,609500,NASDAQ
ADBE,2025-09-20T23:46:09.133635Z,497.93,499.19,495.89,498.2,1007303,NASDAQ
META,2025-09-20T23:47:09.133635Z,305.52,306.52,304.54,306.1,191137,NASDAQ
AAPL,2025-09-20T23:48:09.133635Z,148.89,149.37,148.36,148.88,142470,NASDAQ
CRM,2025-09-20T23:49:09.133635Z,198.45,198.72,197.44,198.1,390182,NASDAQ
MSFT,2025-09-20T23:50:09.133635Z,345.35,346.06,343.14,344.69,220397,NASDAQ
NFLX,2025-09-20T23:51:09.133635Z,400.01,401.83,398.92,399.94,325071,NASDAQ
GOOGL,2025-09-20T23:52:09.133635Z,2831.07,2847.28,2824.62,2833.86,476044,NASDAQ
NVDA,2025-09-20T23:53:09.133635Z,451.27,452.62,450.72,451.84,348724,NASDAQ
TSLA,2025-09-20T23:54:09.133635Z,250.39,250.88,249.41,249.97,700697,NASDAQ
GOOGL,2025-09-20T23:55:09.133635Z,2802.11,2820.05,2790.47,2809.07,883484,NASDAQ
CRM,2025-09-20T23:56:09.133635Z,203.51,204.44,202.97,203.45,652602,NASDAQ
CRM,2025-09-20T23:57:09.133635Z,198.58,199.02,198.28,198.56,927018,NASDAQ
MSFT,2025-09-20T23:58:09.133635Z,345.71,346.46,344.43,345.67,648113,NASDAQ
AMZN,2025-09-20T23:59:09.133635Z,3178.36,3187.26,3158.27,3170.99,976630,NASDAQ
GOOGL,2025-09-21T00:00:09.133635Z,2776.05,2785.05,2757.32,2771.05,764344,NASDAQ
GOOGL,2025-09-21T00:01:09.133635Z,2775.33,2781.66,2769.67,2775.44,892361,NASDAQ
ADBE,2025-09-21T00:02:09.133635Z,506.39,507.32,504.31,506.81,849257,NASDAQ
NFLX,2025-09-21T00:03:09.133635Z,400.12,401.51,398.7,400.15,695394,NASDAQ
TSLA,2025-09-21T00:04:09.133635Z,250.18,250.91,249.9,250.15,873105,NASDAQ
TSLA,2025-09-21T00:05:09.133635Z,253.89,254.99,252.65,253.49,726239,NASDAQ
AMZN,2025-09-21T00:06:09.133635Z,3257.73,3269.09,3241.47,3264.79,330008,NASDAQ
MSFT,2025-09-21T00:07:09.133635Z,349.22,350.16,348.46,349.1,229793,NASDAQ
ADBE,2025-09-21T00:08:09.133635Z,495.54,496.4,492.54,494.41,486357,NASDAQ
CRM,2025-09-21T00:09:09.133635Z,196.59,196.94,195.98,196.62,876171,NASDAQ
ADBE,2025-09-21T00:10:09.133635Z,498.18,500.79,496.77,498.58,444394,NASDAQ
META,2025-09-21T00:11:09.133635Z,296.27,297.57,295.36,296.03,340067,NASDAQ
ADBE,2025-09-21T00:12:09.133635Z,503.6,505.18,503.05,503.59,235480,NASDAQ
CRM,2025-09-21T00:13:09.133635Z,202.5,202.82,201.49,202.56,987350,NASDAQ
MSFT,2025-09-21T00:14:09.133635Z,353.2,353.94,350.62,352.2,537741,NASDAQ
MSFT,2025-09-21T00:15:09.133635Z,354.5,356.4,352.94,354.71,498237,NASDAQ
MSFT,2025-09-21T00:16:09.133635Z,348.15,349.31,347.25,348.27,254121,NASDAQ
MSFT,2025-09-21T00:17:09.133635Z,354.22,355.8,352.61,355.08,282075,NASDAQ
GOOGL,2025-09-21T00:18:09.133635Z,2800.6,2807.12,2793.24,2798.42,479251,NASDAQ
GOOGL,2025-09-21T00:19:09.133635Z,2832.84,2842.04,2823.56,2834.99,278297,NASDAQ
MSFT,2025-09-21T00:20:09.133635Z,346.63,347.99,345.08,346.0,735179,NASDAQ
AAPL,2025-09-21T00:21:09.133635Z,151.42,152.63,150.87,151.95,641986,NASDAQ
AAPL,2025-09-21T00:22:09.133635Z,151.45,152.35,150.72,151.83,244345,NASDAQ
META,2025-09-21T00:23:09.133635Z,305.83,306.87,304.27,304.86,190990,NASDAQ
ADBE,2025-09-21T00:24:09.133635Z,494.73,497.74,493.65,496.11,151603,NASDAQ
META,2025-09-21T00:25:09.133635Z,295.87,297.09,294.4,296.11,598641,NASDAQ
META,2025-09-21T00:26:09.133635Z,301.26,301.74,300.07,301.43,170000,NASDAQ
CRM,2025-09-21T00:27:09.133635Z,197.39,198.31,196.12,196.96,212924,NASDAQ
CRM,2025-09-21T00:28:09.133635Z,199.79,200.57,198.89,199.48,500755,NASDAQ
ADBE,2025-09-21T00:29:09.133635Z,505.2,508.17,502.94,506.65,565698,NASDAQ
GOOGL,2025-09-21T00:30:09.133635Z,2790.15,2804.82,2783.25,2797.36,277966,NASDAQ
ADBE,2025-09-21T00:31:09.133635Z,502.95,503.77,501.92,502.65,903526,NASDAQ
NFLX,2025-09-21T00:32:09.133635Z,396.28,397.54,392.97,394.73,685089,NASDAQ
TSLA,2025-09-21T00:33:09.133635Z,252.7,253.91,251.42,252.33,558849,NASDAQ
NVDA,2025-09-21T00:34:09.133635Z,453.89,454.72,453.03,454.04,899868,NASDAQ
AAPL,2025-09-21T00:35:09.133635Z,147.51,147.66,146.91,147.34,671466,NASDAQ
NVDA,2025-09-21T00:36:09.133635Z,448.87,450.76,447.93,448.4,156858,NASDAQ
MSFT,2025-09-21T00:37:09.133635Z,349.45,350.3,348.11,349.35,412249,NASDAQ
GOOGL,2025-09-21T00:38:09.133635Z,2830.82,2846.31,2818.19,2837.44,147975,NASDAQ
NFLX,2025-09-21T00:39:09.133635Z,401.5,402.17,400.92,401.4,751317,NASDAQ
GOOGL,2025-09-21T00:40:09.133635Z,2749.58,2753.22,2746.62,2749.42,793330,NASDAQ
TSLA,2025-09-21T00:41:09.133635Z,250.65,251.87,249.79,250.89,267826,NASDAQ
AMZN,2025-09-21T00:42:09.133635Z,3168.19,3178.61,3163.32,3172.04,843317,NASDAQ
AMZN,2025-09-21T00:43:09.133635Z,3195.1,3205.66,3177.61,3192.41,567272,NASDAQ
CRM,2025-09-21T00:44:09.133635Z,203.13,204.5,202.67,203.69,829317,NASDAQ
ADBE,2025-09-21T00:45:09.133635Z,501.06,502.55,499.42,500.7,944330,NASDAQ
GOOGL,2025-09-21T00:46:09.133635Z,2752.54,2758.32,2747.04,2750.58,519811,NASDAQ
NFLX,2025-09-21T00:47:09.133635Z,398.27,400.07,396.67,397.91,223948,NASDAQ
GOOGL,2025-09-21T00:48:09.133635Z,2850.25,2862.83,2841.41,2853.51,722024,NASDAQ
MSFT,2025-09-21T00:49:09.133635Z,348.75,350.46,347.49,348.32,990507,NASDAQ
MSFT,2025-09-21T00:50:09.133635Z,342.79,343.46,341.16,343.0,377155,NASDAQ
NVDA,2025-09-21T00:51:09.133635Z,445.3,446.67,443.94,445.72,522789,NASDAQ
NVDA,2025-09-21T00:52:09.133635Z,445.04,446.5,442.5,444.65,560462,NASDAQ
MSFT,2025-09-21T00:53:09.133635Z,344.37,346.51,342.7,345.47,469343,NASDAQ
MSFT,2025-09-21T00:54:09.133635Z,349.4,350.7,348.15,349.24,803911,NASDAQ
NFLX,2025-09-21T00:55:09.133635Z,407.72,408.84,406.77,407.77,378792,NASDAQ
NFLX,2025-09-21T00:56:09.133635Z,398.57,400.59,396.88,398.81,269470,NASDAQ
GOOGL,2025-09-21T00:57:09.133635Z,2798.01,2811.55,2789.09,2803.71,287608,NASDAQ
TSLA,2025-09-21T00:58:09.133635Z,253.11,253.89,252.81,253.13,1026569,NASDAQ
TSLA,2025-09-21T00:59:09.133635Z,246.59,247.53,246.05,246.98,187007,NASDAQ
MSFT,2025-09-21T01:00:09.133635Z,349.57,351.32,348.06,350.5,602083,NASDAQ
TSLA,2025-09-21T01:01:09.133635Z,250.04,250.82,249.26,249.74,187370,NASDAQ
CRM,2025-09-21T01:02:09.133635Z,199.16,200.15,198.66,199.04,348867,NASDAQ
CRM,2025-09-21T01:03:09.133635Z,201.54,202.49,201.07,202.26,482250,NASDAQ
TSLA,2025-09-21T01:04:09.133635Z,247.88,248.58,246.87,247.61,174454,NASDAQ
MSFT,2025-09-21T01:05:09.133635Z,350.2,352.13,348.76,350.65,1010654,NASDAQ
ADBE,2025-09-21T01:06:09.133635Z,502.87,504.72,502.36,503.32,306490,NASDAQ
META,2025-09-21T01:07:09.133635Z,295.9,296.86,294.71,295.29,617784,NASDAQ
NFLX,2025-09-21T01:08:09.133635Z,397.77,400.01,395.91,398.04,423297,NASDAQ
MSFT,2025-09-21T01:09:09.133635Z,351.92,354.03,351.25,352.58,781701,NASDAQ
MSFT,2025-09-21T01:10:09.133635Z,345.62,346.37,343.73,345.26,465710,NASDAQ
TSLA,2025-09-21T01:11:09.133635Z,247.82,248.64,246.6,247.84,471666,NASDAQ
NFLX,2025-09-21T01:12:09.133635Z,395.65,396.68,394.48,394.96,736986,NASDAQ
CRM,2025-09-21T01:13:09.133635Z,199.97,201.12,199.29,200.3,250978,NASDAQ
META,2025-09-21T01:14:09.133635Z,303.09,303.97,302.04,303.28,624500,NASDAQ
MSFT,2025-09-21T01:15:09.133635Z,345.88,346.59,344.86,346.23,586794,NASDAQ
GOOGL,2025-09-21T01:16:09.133635Z,2827.94,2839.73,2813.99,2825.52,295177,NASDAQ
GOOGL,2025-09-21T01:17:09.133635Z,2801.12,2813.68,2788.0,2807.16,678665,NASDAQ
AMZN,2025-09-21T01:18:09.133635Z,3180.5,3184.94,3169.98,3179.29,551751,NASDAQ
AAPL,2025-09-21T01:19:09.133635Z,149.91,150.54,149.56,149.8,457647,NASDAQ
ADBE,2025-09-21T01:20:09.133635Z,500.83,502.74,499.89,500.71,1001092,NASDAQ
MSFT,2025-09-21T01:21:09.133635Z,351.4,352.92,349.89,350.83,154825,NASDAQ
AMZN,2025-09-21T01:22:09.133635Z,3176.58,3184.56,3169.13,3175.01,810860,NASDAQ
TSLA,2025-09-21T01:23:09.133635Z,253.06,253.71,252.51,253.35,349303,NASDAQ
NFLX,2025-09-21T01:24:09.133635Z,406.93,408.01,405.86,407.35,876506,NASDAQ
NFLX,2025-09-21T01:25:09.133635Z,401.02,402.47,399.33,401.2,387827,NASDAQ
GOOGL,2025-09-21T01:26:09.133635Z,2744.97,2760.94,2736.31,2753.98,752804,NASDAQ
GOOGL,2025-09-21T01:27:09.133635Z,2827.43,2835.13,2821.27,2824.99,158373,NASDAQ
TSLA,2025-09-21T01:28:09.133635Z,247.84,249.15,246.96,248.28,353543,NASDAQ
GOOGL,2025-09-21T01:29:09.133635Z,2763.22,2774.64,2749.87,2754.48,579374,NASDAQ
NFLX,2025-09-21T01:30:09.133635Z,396.5,399.58,395.6,397.78,453358,NASDAQ
MSFT,2025-09-21T01:31:09.133635Z,355.92,357.0,355.23,355.87,298157,NASDAQ
NFLX,2025-09-21T01:32:09.133635Z,393.84,394.43,392.17,392.98,906754,NASDAQ
MSFT,2025-09-21T01:33:09.133635Z,351.98,353.73,351.01,351.57,344918,NASDAQ
TSLA,2025-09-21T01:34:09.133635Z,246.06,247.77,245.4,246.97,737968,NASDAQ
NVDA,2025-09-21T01:35:09.133635Z,451.08,452.6,448.54,450.54,825625,NASDAQ
ADBE,2025-09-21T01:36:09.133635Z,495.46,498.31,493.29,496.44,923847,NASDAQ
ADBE,2025-09-21T01:37:09.133635Z,508.07,509.7,506.61,507.53,853749,NASDAQ
GOOGL,2025-09-21T01:38:09.133635Z,2789.54,2798.84,2769.63,2783.51,540011,NASDAQ
NFLX,2025-09-21T01:39:09.133635Z,406.68,408.39,406.03,407.83,488613,NASDAQ
MSFT,2025-09-21T01:40:09.133635Z,347.57,348.16,346.14,346.93,513398,NASDAQ
NFLX,2025-09-21T01:41:09.133635Z,395.3,396.49,393.39,395.75,756653,NASDAQ
TSLA,2025-09-21T01:42:09.133635Z,245.92,247.32,245.46,246.16,961714,NASDAQ
NFLX,2025-09-21T01:43:09.133635Z,398.29,400.29,396.63,398.61,141886,NASDAQ
ADBE,2025-09-21T01:44:09.133635Z,492.66,493.91,490.72,492.52,595872,NASDAQ
NFLX,2025-09-21T01:45:09.133635Z,401.04,403.75,399.78,401.87,642040,NASDAQ
NVDA,2025-09-21T01:46:09.133635Z,451.13,454.78,450.18,452.76,628079,NASDAQ
AAPL,2025-09-21T01:47:09.133635Z,150.58,150.87,149.55,150.25,924701,NASDAQ
ADBE,2025-09-21T01:48:09.133635Z,510.03,511.98,508.53,509.6,356146,NASDAQ
ADBE,2025-09-21T01:49:09.133635Z,492.99,494.38,490.76,491.78,506659,NASDAQ
TSLA,2025-09-21T01:50:09.133635Z,252.95,253.73,252.28,252.89,798732,NASDAQ
TSLA,2025-09-21T01:51:09.133635Z,247.27,247.95,246.24,247.58,954330,NASDAQ
CRM,2025-09-21T01:52:09.133635Z,196.7,197.47,195.45,196.32,371607,NASDAQ
NVDA,2025-09-21T01:53:09.133635Z,446.2,449.07,444.96,447.32,134207,NASDAQ
CRM,2025-09-21T01:54:09.133635Z,200.08,200.67,199.08,200.34,534536,NASDAQ
ADBE,2025-09-21T01:55:09.133635Z,495.48,496.58,494.43,495.05,940494,NASDAQ
NVDA,2025-09-21T01:56:09.133635Z,445.96,447.01,445.36,446.43,876786,NASDAQ
MSFT,2025-09-21T01:57:09.133635Z,349.12,349.85,347.18,348.69,781899,NASDAQ
AAPL,2025-09-21T01:58:09.133635Z,153.0,153.46,152.7,153.01,818368,NASDAQ
CRM,2025-09-21T01:59:09.133635Z,197.94,198.34,197.16,197.84,259357,NASDAQ
META,2025-09-21T02:00:09.133635Z,305.57,306.58,304.42,305.76,217162,NASDAQ
AMZN,2025-09-21T02:01:09.133635Z,3221.13,3244.34,3206.62,3228.99,392457,NASDAQ
META,2025-09-21T02:02:09.133635Z,302.43,303.05,301.57,302.37,277139,NASDAQ
ADBE,2025-09-21T02:03:09.133635Z,505.92,507.19,503.61,505.82,646221,NASDAQ
ADBE,2025-09-21T02:04:09.133635Z,501.56,502.31,499.43,501.78,374656,NASDAQ
META,2025-09-21T02:05:09.133635Z,302.24,303.63,301.59,302.04,584813,NASDAQ
NFLX,2025-09-21T02:06:09.133635Z,394.97,396.52,393.43,394.49,333866,NASDAQ
META,2025-09-21T02:07:09.133635Z,297.9,298.33,296.97,297.71,961795,NASDAQ
TSLA,2025-09-21T02:08:09.133635Z,248.01,248.75,246.73,247.96,329309,NASDAQ
MSFT,2025-09-21T02:09:09.133635Z,348.63,349.33,347.98,348.44,385868,NASDAQ
ADBE,2025-09-21T02:10:09.133635Z,502.91,504.64,499.86,501.87,777176,NASDAQ
NVDA,2025-09-21T02:11:09.133635Z,454.14,455.07,451.46,452.72,102249,NASDAQ
META,2025-09-21T02:12:09.133635Z,300.0,301.45,298.29,299.23,368351,NASDAQ
NVDA,2025-09-21T02:13:09.133635Z,458.64,459.36,456.02,457.87,658277,NASDAQ
MSFT,2025-09-21T02:14:09.133635Z,350.68,351.31,349.18,350.51,233018,NASDAQ
NFLX,2025-09-21T02:15:09.133635Z,400.06,400.9,398.14,399.27,1025127,NASDAQ
TSLA,2025-09-21T02:16:09.133635Z,246.01,246.37,244.91,245.5,821665,NASDAQ
AAPL,2025-09-21T02:17:09.133635Z,152.15,152.81,151.65,152.48,954156,NASDAQ
MSFT,2025-09-21T02:18:09.133635Z,354.54,354.92,353.39,354.34,176309,NASDAQ
TSLA,2025-09-21T02:19:09.133635Z,252.66,253.28,251.91,252.86,587537,NASDAQ
TSLA,2025-09-21T02:20:09.133635Z,252.36,253.16,251.13,252.54,107933,NASDAQ
AMZN,2025-09-21T02:21:09.133635Z,3163.57,3173.28,3151.73,3167.63,758202,NASDAQ
META,2025-09-21T02:22:09.133635Z,305.51,307.16,304.05,305.71,497263,NASDAQ
CRM,2025-09-21T02:23:09.133635Z,203.58,203.85,202.64,203.52,266439,NASDAQ
NFLX,2025-09-21T02:24:09.133635Z,395.67,396.39,394.05,394.78,266063,NASDAQ
MSFT,2025-09-21T02:25:09.133635Z,344.15,346.23,343.36,344.67,688581,NASDAQ
TSLA,2025-09-21T02:26:09.133635Z,253.27,254.05,253.01,253.73,740856,NASDAQ
AAPL,2025-09-21T02:27:09.133635Z,152.9,153.53,152.61,152.94,1006993,NASDAQ
NVDA,2025-09-21T02:28:09.133635Z,451.74,453.49,450.74,451.71,273296,NASDAQ
CRM,2025-09-21T02:29:09.133635Z,198.82,200.09,198.55,199.58,419627,NASDAQ
AMZN,2025-09-21T02:30:09.133635Z,3149.8,3157.94,3135.75,3143.04,935922,NASDAQ
MSFT,2025-09-21T02:31:09.133635Z,355.48,357.23,354.52,355.74,609564,NASDAQ
CRM,2025-09-21T02:32:09.133635Z,204.12,205.03,202.94,203.88,205092,NASDAQ
AAPL,2025-09-21T02:33:09.133635Z,147.42,148.28,147.18,147.8,950570,NASDAQ
NFLX,2025-09-21T02:34:09.133635Z,393.72,394.96,391.51,392.9,514820,NASDAQ
AMZN,2025-09-21T02:35:09.133635Z,3208.22,3212.76,3201.66,3208.29,137357,NASDAQ
META,2025-09-21T02:36:09.133635Z,293.86,295.13,293.25,294.28,699069,NASDAQ
AMZN,2025-09-21T02:37:09.133635Z,3238.03,3252.29,3230.32,3242.28,451652,NASDAQ
ADBE,2025-09-21T02:38:09.133635Z,505.52,506.65,504.19,506.06,322225,NASDAQ
NFLX,2025-09-21T02:39:09.133635Z,405.18,406.1,403.34,405.2,169764,NASDAQ
CRM,2025-09-21T02:40:09.133635Z,197.4,197.87,196.57,197.49,381290,NASDAQ
CRM,2025-09-21T02:41:09.133635Z,196.53,197.07,195.53,196.11,876340,NASDAQ
AAPL,2025-09-21T02:42:09.133635Z,147.61,148.37,147.37,148.0,487729,NASDAQ
AAPL,2025-09-21T02:43:09.133635Z,152.39,152.78,151.91,152.1,833603,NASDAQ
MSFT,2025-09-21T02:44:09.133635Z,346.38,348.04,345.63,346.37,145629,NASDAQ
AMZN,2025-09-21T02:45:09.133635Z,3135.92,3151.08,3123.84,3141.51,170994,NASDAQ
MSFT,2025-09-21T02:46:09.133635Z,349.84,350.66,348.92,350.0,755985,NASDAQ
META,2025-09-21T02:47:09.133635Z,297.85,298.86,296.33,297.73,561255,NASDAQ
TSLA,2025-09-21T02:48:09.133635Z,245.81,246.53,245.29,246.18,168647,NASDAQ
ADBE,2025-09-21T02:49:09.133635Z,493.05,494.66,491.48,493.81,999141,NASDAQ
META,2025-09-21T02:50:09.133635Z,301.72,303.05,301.25,301.7,235958,NASDAQ
NFLX,2025-09-21T02:51:09.133635Z,396.8,397.35,394.62,396.55,621862,NASDAQ
TSLA,2025-09-21T02:52:09.133635Z,253.87,255.09,253.13,253.46,174114,NASDAQ
CRM,2025-09-21T02:53:09.133635Z,199.34,200.07,198.79,199.33,919582,NASDAQ
GOOGL,2025-09-21T02:54:09.133635Z,2806.04,2812.2,2783.01,2796.48,998827,NASDAQ
NFLX,2025-09-21T02:55:09.133635Z,391.86,393.27,391.3,392.4,148452,NASDAQ
TSLA,2025-09-21T02:56:09.133635Z,250.23,251.68,249.86,250.71,361609,NASDAQ
MSFT,2025-09-21T02:57:09.133635Z,353.94,354.37,351.85,353.5,282117,NASDAQ
NFLX,2025-09-21T02:58:09.133635Z,403.31,405.56,401.56,404.09,587734,NASDAQ
AMZN,2025-09-21T02:59:09.133635Z,3167.09,3175.66,3161.6,3164.88,780885,NASDAQ
NFLX,2025-09-21T03:00:09.133635Z,395.81,397.81,395.23,396.2,752211,NASDAQ
NVDA,2025-09-21T03:01:09.133635Z,446.36,447.79,444.29,445.19,323908,NASDAQ
NVDA,2025-09-21T03:02:09.133635Z,450.93,451.52,448.47,449.71,361207,NASDAQ
GOOGL,2025-09-21T03:03:09.133635Z,2832.34,2841.03,2826.46,2831.43,885591,NASDAQ
GOOGL,2025-09-21T03:04:09.133635Z,2765.48,2781.12,2758.17,2767.73,367583,NASDAQ
NVDA,2025-09-21T03:05:09.133635Z,459.55,461.63,457.27,459.03,156667,NASDAQ
META,2025-09-21T03:06:09.133635Z,302.11,302.75,301.54,302.17,982074,NASDAQ
CRM,2025-09-21T03:07:09.133635Z,197.08,197.53,196.63,197.23,523478,NASDAQ
ADBE,2025-09-21T03:08:09.133635Z,491.02,492.76,489.58,491.48,510653,NASDAQ
ADBE,2025-09-21T03:09:09.133635Z,503.31,505.02,500.26,502.75,678510,NASDAQ
NFLX,2025-09-21T03:10:09.133635Z,391.95,393.14,390.63,391.52,154075,NASDAQ
GOOGL,2025-09-21T03:11:09.133635Z,2790.73,2798.2,2777.66,2789.15,659823,NASDAQ
NFLX,2025-09-21T03:12:09.133635Z,393.95,395.88,392.63,393.31,646521,NASDAQ
AAPL,2025-09-21T03:13:09.133635Z,150.08,150.25,149.65,149.84,893167,NASDAQ
TSLA,2025-09-21T03:14:09.133635Z,247.32,248.09,246.24,247.01,590023,NASDAQ
ADBE,2025-09-21T03:15:09.133635Z,501.49,503.31,500.25,501.04,592548,NASDAQ
META,2025-09-21T03:16:09.133635Z,303.63,304.91,302.16,303.79,368613,NASDAQ
TSLA,2025-09-21T03:17:09.133635Z,248.27,249.15,247.35,248.23,844034,NASDAQ
GOOGL,2025-09-21T03:18:09.133635Z,2797.32,2809.71,2783.41,2794.79,118891,NASDAQ
AAPL,2025-09-21T03:19:09.133635Z,151.82,152.3,151.35,152.09,749409,NASDAQ
GOOGL,2025-09-21T03:20:09.133635Z,2823.66,2836.52,2818.98,2824.97,818544,NASDAQ
NFLX,2025-09-21T03:21:09.133635Z,396.99,398.82,395.16,396.5,803539,NASDAQ
META,2025-09-21T03:22:09.133635Z,302.15,303.57,300.7,302.25,97434,NASDAQ
AMZN,2025-09-21T03:23:09.133635Z,3198.86,3210.98,3184.08,3196.94,380732,NASDAQ
GOOGL,2025-09-21T03:24:09.133635Z,2751.27,2755.43,2736.28,2749.74,927033,NASDAQ
NVDA,2025-09-21T03:25:09.133635Z,450.87,451.85,449.23,450.69,796848,NASDAQ
AAPL,2025-09-21T03:26:09.133635Z,148.49,148.73,148.27,148.56,113382,NASDAQ
ADBE,2025-09-21T03:27:09.133635Z,504.38,505.27,502.67,503.95,932527,NASDAQ
CRM,2025-09-21T03:28:09.133635Z,198.36,199.52,197.95,198.63,721078,NASDAQ
ADBE,2025-09-21T03:29:09.133635Z,496.99,499.62,496.23,498.1,810316,NASDAQ
CRM,2025-09-21T03:30:09.133635Z,196.77,197.21,196.2,196.98,408275,NASDAQ
NFLX,2025-09-21T03:31:09.133635Z,406.76,408.49,405.01,405.72,266309,NASDAQ
GOOGL,2025-09-21T03:32:09.133635Z,2828.82,2833.42,2822.64,2827.68,592924,NASDAQ
MSFT,2025-09-21T03:33:09.133635Z,344.07,345.11,342.8,343.95,536828,NASDAQ
CRM,2025-09-21T03:34:09.133635Z,202.22,202.92,201.26,202.27,579794,NASDAQ
AAPL,2025-09-21T03:35:09.133635Z,148.13,148.57,147.64,147.95,600678,NASDAQ
CRM,2025-09-21T03:36:09.133635Z,199.03,200.6,198.64,199.63,209529,NASDAQ
AMZN,2025-09-21T03:37:09.133635Z,3255.0,3264.1,3238.01,3254.06,928535,NASDAQ
ADBE,2025-09-21T03:38:09.133635Z,501.94,502.75,500.83,501.67,234592,NASDAQ
CRM,2025-09-21T03:39:09.133635Z,201.7,202.16,200.82,201.86,719192,NASDAQ
TSLA,2025-09-21T03:40:09.133635Z,245.15,246.16,244.81,245.52,521723,NASDAQ
NFLX,2025-09-21T03:41:09.133635Z,392.74,394.74,391.54,393.65,578820,NASDAQ
MSFT,2025-09-21T03:42:09.133635Z,351.52,353.19,350.18,350.86,711405,NASDAQ
AMZN,2025-09-21T03:43:09.133635Z,3201.36,3213.38,3195.69,3208.41,255047,NASDAQ
CRM,2025-09-21T03:44:09.133635Z,199.88,200.73,199.27,199.67,123838,NASDAQ
ADBE,2025-09-21T03:45:09.133635Z,493.86,496.59,492.82,494.53,455099,NASDAQ
NFLX,2025-09-21T03:46:09.133635Z,398.4,399.44,396.56,398.52,528893,NASDAQ
NVDA,2025-09-21T03:47:09.133635Z,445.4,446.4,443.27,445.56,311051,NASDAQ
META,2025-09-21T03:48:09.133635Z,295.08,296.32,293.74,295.26,342507,NASDAQ
ADBE,2025-09-21T03:49:09.133635Z,498.82,499.63,495.74,497.58,694128,NASDAQ
AMZN,2025-09-21T03:50:09.133635Z,3242.1,3256.81,3233.07,3253.24,526033,NASDAQ
META,2025-09-21T03:51:09.133635Z,306.53,306.89,305.66,306.0,792856,NASDAQ
CRM,2025-09-21T03:52:09.133635Z,200.38,201.21,199.39,200.51,268512,NASDAQ
ADBE,2025-09-21T03:53:09.133635Z,497.28,499.44,494.34,496.05,934141,NASDAQ
TSLA,2025-09-21T03:54:09.133635Z,251.84,253.15,250.64,252.35,324598,NASDAQ
NVDA,2025-09-21T03:55:09.133635Z,450.96,453.75,449.0,451.61,569739,NASDAQ
CRM,2025-09-21T03:56:09.133635Z,201.06,202.51,200.59,201.63,560468,NASDAQ
CRM,2025-09-21T03:57:09.133635Z,201.68,202.85,201.26,201.94,563500,NASDAQ
MSFT,2025-09-21T03:58:09.133635Z,350.83,351.34,349.25,350.87,784884,NASDAQ
AMZN,2025-09-21T03:59:09.133635Z,3147.37,3162.39,3134.16,3146.37,549340,NASDAQ
META,2025-09-21T04:00:09.133635Z,302.72,303.07,302.21,302.62,872749,NASDAQ
META,2025-09-21T04:01:09.133635Z,301.75,302.4,300.68,301.68,289599,NASDAQ
CRM,2025-09-21T04:02:09.133635Z,203.52,204.2,202.54,203.42,959921,NASDAQ
NFLX,2025-09-21T04:03:09.133635Z,391.92,393.67,390.48,392.12,333102,NASDAQ
AMZN,2025-09-21T04:04:09.133635Z,3190.06,3194.38,3182.71,3189.41,631186,NASDAQ
AAPL,2025-09-21T04:05:09.133635Z,152.35,152.77,151.63,152.05,934119,NASDAQ
MSFT,2025-09-21T04:06:09.133635Z,348.9,350.87,348.54,349.45,757443,NASDAQ
AMZN,2025-09-21T04:07:09.133635Z,3249.59,3261.92,3238.06,3249.08,659474,NASDAQ
AMZN,2025-09-21T04:08:09.133635Z,3152.21,3169.36,3139.05,3153.77,974018,NASDAQ
TSLA,2025-09-21T04:09:09.133635Z,251.21,251.84,250.33,251.48,559174,NASDAQ
GOOGL,2025-09-21T04:10:09.133635Z,2832.88,2843.78,2826.48,2840.28,755494,NASDAQ
MSFT,2025-09-21T04:11:09.133635Z,353.89,355.64,352.68,353.71,776598,NASDAQ
META,2025-09-21T04:12:09.133635Z,297.21,297.78,295.0,296.44,913866,NASDAQ
AAPL,2025-09-21T04:13:09.133635Z,148.39,148.77,147.68,148.28,161457,NASDAQ
META,2025-09-21T04:14:09.133635Z,296.85,297.8,295.48,296.89,499371,NASDAQ
CRM,2025-09-21T04:15:09.133635Z,198.62,199.19,197.97,198.56,973454,NASDAQ
GOOGL,2025-09-21T04:16:09.133635Z,2742.69,2754.94,2738.61,2750.21,277214,NASDAQ
ADBE,2025-09-21T04:17:09.133635Z,501.18,503.04,500.28,501.94,744017,NASDAQ
GOOGL,2025-09-21T04:18:09.133635Z,2755.14,2759.78,2740.69,2754.03,257444,NASDAQ
NFLX,2025-09-21T04:19:09.133635Z,404.15,405.91,403.47,405.09,173195,NASDAQ
CRM,2025-09-21T04:20:09.133635Z,197.58,198.37,196.9,197.55,807110,NASDAQ
TSLA,2025-09-21T04:21:09.133635Z,252.85,253.38,251.98,252.78,380390,NASDAQ
NVDA,2025-09-21T04:22:09.133635Z,450.66,452.89,448.6,449.45,260917,NASDAQ
TSLA,2025-09-21T04:23:09.133635Z,253.9,255.13,252.92,253.73,633483,NASDAQ
MSFT,2025-09-21T04:24:09.133635Z,352.44,354.26,350.7,352.94,493673,NASDAQ
TSLA,2025-09-21T04:25:09.133635Z,249.1,250.31,248.13,249.45,728635,NASDAQ
GOOGL,2025-09-21T04:26:09.133635Z,2776.17,2780.65,2771.57,2777.6,951305,NASDAQ
AMZN,2025-09-21T04:27:09.133635Z,3158.41,3176.04,3145.41,3167.07,230023,NASDAQ
NVDA,2025-09-21T04:28:09.133635Z,452.75,453.65,450.35,452.14,424160,NASDAQ
AAPL,2025-09-21T04:29:09.133635Z,147.28,147.53,146.79,146.99,131950,NASDAQ
TSLA,2025-09-21T04:30:09.133635Z,245.3,245.93,244.14,245.39,710919,NASDAQ
META,2025-09-21T04:31:09.133635Z,300.62,301.22,299.56,300.62,950983,NASDAQ
MSFT,2025-09-21T04:32:09.133635Z,350.31,350.78,347.58,349.27,754148,NASDAQ
ADBE,2025-09-21T04:33:09.133635Z,501.17,502.69,498.7,499.74,561567,NASDAQ
GOOGL,2025-09-21T04:34:09.133635Z,2764.85,2777.22,2757.39,2761.46,192782,NASDAQ
NFLX,2025-09-21T04:35:09.133635Z,394.93,396.28,392.85,394.57,676788,NASDAQ
ADBE,2025-09-21T04:36:09.133635Z,494.12,495.45,492.01,492.72,935636,NASDAQ
AMZN,2025-09-21T04:37:09.133635Z,3206.11,3217.79,3195.48,3206.65,446006,NASDAQ
CRM,2025-09-21T04:38:09.133635Z,201.79,202.24,201.09,201.38,691778,NASDAQ
TSLA,2025-09-21T04:39:09.133635Z,255.22,255.59,254.91,255.18,617506,NASDAQ
AAPL,2025-09-21T04:40:09.133635Z,147.86,148.35,147.19,147.52,793812,NASDAQ
ADBE,2025-09-21T04:41:09.133635Z,509.3,511.36,507.3,509.88,772210,NASDAQ
MSFT,2025-09-21T04:42:09.133635Z,352.89,354.41,352.31,353.1,759748,NASDAQ
AAPL,2025-09-21T04:43:09.133635Z,152.28,152.98,151.6,152.26,948301,NASDAQ
CRM,2025-09-21T04:44:09.133635Z,198.64,199.18,198.32,198.73,912867,NASDAQ
AMZN,2025-09-21T04:45:09.133635Z,3176.64,3191.86,3169.89,3181.39,220947,NASDAQ
NVDA,2025-09-21T04:46:09.133635Z,441.62,442.33,439.44,440.77,400638,NASDAQ
CRM,2025-09-21T04:47:09.133635Z,198.74,199.02,198.25,198.67,671726,NASDAQ
MSFT,2025-09-21T04:48:09.133635Z,352.78,354.2,350.58,352.25,555837,NASDAQ
TSLA,2025-09-21T04:49:09.133635Z,251.89,252.27,250.85,251.98,773158,NASDAQ
TSLA,2025-09-21T04:50:09.133635Z,251.83,252.95,251.09,251.37,533035,NASDAQ
META,2025-09-21T04:51:09.133635Z,295.17,296.13,294.31,295.32,385324,NASDAQ
NFLX,2025-09-21T04:52:09.133635Z,394.14,396.05,392.98,393.54,726872,NASDAQ
ADBE,2025-09-21T04:53:09.133635Z,493.74,496.82,491.81,494.72,674196,NASDAQ
CRM,2025-09-21T04:54:09.133635Z,203.0,203.98,202.5,202.94,478026,NASDAQ
CRM,2025-09-21T04:55:09.133635Z,200.71,201.36,199.22,200.05,729655,NASDAQ
TSLA,2025-09-21T04:56:09.133635Z,252.46,253.52,251.39,253.11,318833,NASDAQ
TSLA,2025-09-21T04:57:09.133635Z,247.34,248.38,246.96,248.02,166632,NASDAQ
AAPL,2025-09-21T04:58:09.133635Z,152.47,152.63,151.98,152.16,929564,NASDAQ
NVDA,2025-09-21T04:59:09.133635Z,456.3,457.48,454.2,456.65,420406,NASDAQ
GOOGL,2025-09-21T05:00:09.133635Z,2781.27,2788.1,2773.7,2778.53,699811,NASDAQ
META,2025-09-21T05:01:09.133635Z,298.33,300.81,297.12,299.43,593329,NASDAQ
ADBE,2025-09-21T05:02:09.133635Z,498.05,500.36,497.34,499.04,830005,NASDAQ
AMZN,2025-09-21T05:03:09.133635Z,3244.66,3250.07,3230.09,3238.74,647516,NASDAQ
MSFT,2025-09-21T05:04:09.133635Z,347.05,348.42,346.01,346.81,209159,NASDAQ
AMZN,2025-09-21T05:05:09.133635Z,3146.46,3156.19,3130.67,3139.66,646024,NASDAQ
AAPL,2025-09-21T05:06:09.133635Z,147.28,147.88,146.54,147.0,679057,NASDAQ
META,2025-09-21T05:07:09.133635Z,296.73,297.47,296.32,297.13,173347,NASDAQ
META,2025-09-21T05:08:09.133635Z,299.93,301.37,298.43,299.39,368718,NASDAQ
AAPL,2025-09-21T05:09:09.133635Z,147.46,148.27,147.1,147.64,926667,NASDAQ
CRM,2025-09-21T05:10:09.133635Z,202.36,203.04,201.06,201.89,959217,NASDAQ
ADBE,2025-09-21T05:11:09.133635Z,505.55,507.15,503.31,505.36,712981,NASDAQ
CRM,2025-09-21T05:12:09.133635Z,197.12,197.86,196.15,197.22,685027,NASDAQ
ADBE,2025-09-21T05:13:09.133635Z,507.91,511.73,506.7,509.41,911076,NASDAQ
NFLX,2025-09-21T05:14:09.133635Z,393.73,394.31,391.85,393.56,310046,NASDAQ
CRM,2025-09-21T05:15:09.133635Z,199.93,200.43,199.56,199.76,218159,NASDAQ
AAPL,2025-09-21T05:16:09.133635Z,150.17,150.85,149.72,150.18,208339,NASDAQ
TSLA,2025-09-21T05:17:09.133635Z,249.59,250.56,248.85,250.12,717401,NASDAQ
META,2025-09-21T05:18:09.133635Z,298.77,299.21,297.53,298.75,715504,NASDAQ
CRM,2025-09-21T05:19:09.133635Z,202.53,203.1,202.04,202.52,402067,NASDAQ
ADBE,2025-09-21T05:20:09.133635Z,498.9,499.58,497.39,498.81,874506,NASDAQ
ADBE,2025-09-21T05:21:09.133635Z,495.09,497.74,493.36,496.32,704851,NASDAQ
ADBE,2025-09-21T05:22:09.133635Z,510.13,512.15,507.13,509.45,442475,NASDAQ
AAPL,2025-09-21T05:23:09.133635Z,149.24,149.74,148.27,148.98,943607,NASDAQ
NVDA,2025-09-21T05:24:09.133635Z,441.16,442.29,439.68,441.4,632112,NASDAQ
NFLX,2025-09-21T05:25:09.133635Z,400.78,402.67,399.76,401.45,122783,NASDAQ
NVDA,2025-09-21T05:26:09.133635Z,453.77,455.34,453.16,454.43,343857,NASDAQ
NFLX,2025-09-21T05:27:09.133635Z,406.46,409.41,404.82,407.79,771766,NASDAQ
MSFT,2025-09-21T05:28:09.133635Z,343.89,344.8,342.41,344.29,650518,NASDAQ
CRM,2025-09-21T05:29:09.133635Z,198.41,199.12,197.9,198.91,693710,NASDAQ
TSLA,2025-09-21T05:30:09.133635Z,250.87,251.84,250.28,251.31,598000,NASDAQ
MSFT,2025-09-21T05:31:09.133635Z,350.05,351.68,348.02,349.4,812970,NASDAQ
NVDA,2025-09-21T05:32:09.133635Z,449.56,451.75,448.52,451.05,992616,NASDAQ
CRM,2025-09-21T05:33:09.133635Z,200.27,201.07,199.3,200.52,599094,NASDAQ
AAPL,2025-09-21T05:34:09.133635Z,152.38,153.15,152.17,152.78,613382,NASDAQ
TSLA,2025-09-21T05:35:09.133635Z,248.2,249.64,247.01,248.98,807615,NASDAQ
MSFT,2025-09-21T05:36:09.133635Z,348.0,348.7,346.1,347.01,512328,NASDAQ
META,2025-09-21T05:37:09.133635Z,303.87,304.69,302.32,303.1,190753,NASDAQ
META,2025-09-21T05:38:09.133635Z,301.41,303.13,301.04,302.11,637028,NASDAQ
TSLA,2025-09-21T05:39:09.133635Z,250.15,250.96,249.06,250.13,254617,NASDAQ
NVDA,2025-09-21T05:40:09.133635Z,445.35,447.8,443.74,446.03,694975,NASDAQ
NVDA,2025-09-21T05:41:09.133635Z,450.16,451.73,448.94,450.74,834351,NASDAQ
AAPL,2025-09-21T05:42:09.133635Z,151.1,151.65,150.54,151.45,562721,NASDAQ
NVDA,2025-09-21T05:43:09.133635Z,450.38,452.16,449.51,450.62,703511,NASDAQ
MSFT,2025-09-21T05:44:09.133635Z,355.33,356.11,353.79,355.03,644862,NASDAQ
GOOGL,2025-09-21T05:45:09.133635Z,2759.68,2770.66,2755.32,2763.73,289611,NASDAQ
NVDA,2025-09-21T05:46:09.133635Z,448.03,448.85,446.54,447.06,975110,NASDAQ
AAPL,2025-09-21T05:47:09.133635Z,150.28,151.36,149.98,150.69,276701,NASDAQ
AAPL,2025-09-21T05:48:09.133635Z,151.26,151.72,150.93,151.09,187657,NASDAQ
MSFT,2025-09-21T05:49:09.133635Z,355.86,357.07,353.79,354.94,561336,NASDAQ
MSFT,2025-09-21T05:50:09.133635Z,348.47,348.82,346.62,347.67,629445,NASDAQ
META,2025-09-21T05:51:09.133635Z,298.62,300.08,297.73,298.96,351254,NASDAQ
GOOGL,2025-09-21T05:52:09.133635Z,2807.18,2821.57,2793.16,2813.47,620657,NASDAQ
NFLX,2025-09-21T05:53:09.133635Z,399.5,400.09,396.56,398.5,460358,NASDAQ
MSFT,2025-09-21T05:54:09.133635Z,348.79,349.86,347.07,348.77,646886,NASDAQ
ADBE,2025-09-21T05:55:09.133635Z,506.13,508.27,505.05,505.95,820945,NASDAQ
MSFT,2025-09-21T05:56:09.133635Z,343.63,344.4,341.84,343.13,164281,NASDAQ
NVDA,2025-09-21T05:57:09.133635Z,450.44,451.65,448.01,449.51,157651,NASDAQ
NVDA,2025-09-21T05:58:09.133635Z,458.36,459.05,456.16,457.79,388524,NASDAQ
META,2025-09-21T05:59:09.133635Z,296.68,298.03,296.06,296.82,751583,NASDAQ
NFLX,2025-09-21T06:00:09.133635Z,405.56,407.44,403.67,404.74,996523,NASDAQ
GOOGL,2025-09-21T06:01:09.133635Z,2789.73,2799.94,2786.79,2791.54,287446,NASDAQ
TSLA,2025-09-21T06:02:09.133635Z,248.06,249.17,247.48,248.61,402854,NASDAQ
NVDA,2025-09-21T06:03:09.133635Z,451.76,453.25,449.41,451.12,549052,NASDAQ
NFLX,2025-09-21T06:04:09.133635Z,392.42,393.42,391.27,392.04,538413,NASDAQ
CRM,2025-09-21T06:05:09.133635Z,200.07,200.31,198.96,199.9,527469,NASDAQ
AMZN,2025-09-21T06:06:09.133635Z,3207.7,3220.82,3193.08,3215.23,897998,NASDAQ
NVDA,2025-09-21T06:07:09.133635Z,456.76,457.93,455.54,456.89,480308,NASDAQ
NFLX,2025-09-21T06:08:09.133635Z,397.81,398.99,396.12,397.02,490336,NASDAQ
ADBE,2025-09-21T06:09:09.133635Z,490.91,492.7,487.95,489.81,550060,NASDAQ
MSFT,2025-09-21T06:10:09.133635Z,352.11,353.33,350.28,351.31,1011549,NASDAQ
AAPL,2025-09-21T06:11:09.133635Z,152.24,153.35,151.66,152.68,367756,NASDAQ
AAPL,2025-09-21T06:12:09.133635Z,150.48,150.91,150.09,150.55,499630,NASDAQ
CRM,2025-09-21T06:13:09.133635Z,197.69,198.22,197.24,197.95,649170,NASDAQ
AAPL,2025-09-21T06:14:09.133635Z,148.53,148.81,148.22,148.54,595226,NASDAQ
MSFT,2025-09-21T06:15:09.133635Z,354.39,356.21,353.91,354.46,938955,NASDAQ
AMZN,2025-09-21T06:16:09.133635Z,3237.13,3251.24,3225.58,3238.45,647066,NASDAQ
NVDA,2025-09-21T06:17:09.133635Z,452.18,452.97,451.2,451.78,918282,NASDAQ
NFLX,2025-09-21T06:18:09.133635Z,401.33,402.51,398.9,400.62,398212,NASDAQ
META,2025-09-21T06:19:09.133635Z,302.18,303.02,301.37,302.26,542830,NASDAQ
GOOGL,2025-09-21T06:20:09.133635Z,2838.77,2842.42,2832.61,2837.91,944540,NASDAQ
AAPL,2025-09-21T06:21:09.133635Z,147.76,148.78,147.27,148.05,528140,NASDAQ
CRM,2025-09-21T06:22:09.133635Z,201.11,201.42,200.06,200.98,640265,NASDAQ
AAPL,2025-09-21T06:23:09.133635Z,147.96,148.44,147.58,147.89,543654,NASDAQ
AAPL,2025-09-21T06:24:09.133635Z,148.36,148.85,148.1,148.6,622385,NASDAQ
AMZN,2025-09-21T06:25:09.133635Z,3210.25,3221.94,3195.95,3206.37,83892,NASDAQ
AAPL,2025-09-21T06:26:09.133635Z,152.38,152.55,152.01,152.28,782151,NASDAQ
META,2025-09-21T06:27:09.133635Z,299.2,300.81,298.2,300.03,323552,NASDAQ
TSLA,2025-09-21T06:28:09.133635Z,246.68,247.13,245.99,246.68,651228,NASDAQ
NFLX,2025-09-21T06:29:09.133635Z,402.9,404.73,401.02,403.39,105058,NASDAQ
NFLX,2025-09-21T06:30:09.133635Z,395.09,396.43,393.76,395.06,330002,NASDAQ
AAPL,2025-09-21T06:31:09.133635Z,149.89,150.1,148.95,149.59,901290,NASDAQ
MSFT,2025-09-21T06:32:09.133635Z,345.42,346.13,343.65,345.05,971776,NASDAQ
ADBE,2025-09-21T06:33:09.133635Z,490.48,491.56,488.63,490.76,400590,NASDAQ
NFLX,2025-09-21T06:34:09.133635Z,393.05,395.77,392.14,394.36,289963,NASDAQ
META,2025-09-21T06:35:09.133635Z,297.56,299.42,296.09,297.93,283069,NASDAQ
ADBE,2025-09-21T06:36:09.133635Z,489.85,492.15,487.88,491.09,830718,NASDAQ
ADBE,2025-09-21T06:37:09.133635Z,500.27,502.6,497.55,499.06,508647,NASDAQ
NFLX,2025-09-21T06:38:09.133635Z,403.33,404.91,402.63,403.11,588297,NASDAQ
META,2025-09-21T06:39:09.133635Z,305.41,306.71,304.96,305.35,567628,NASDAQ
NFLX,2025-09-21T06:40:09.133635Z,396.68,398.28,394.16,395.7,706826,NASDAQ
GOOGL,2025-09-21T06:41:09.133635Z,2794.55,2797.48,2784.66,2794.27,419766,NASDAQ
MSFT,2025-09-21T06:42:09.133635Z,354.07,354.53,352.78,353.62,794111,NASDAQ
META,2025-09-21T06:43:09.133635Z,303.98,305.2,303.0,304.78,874438,NASDAQ
MSFT,2025-09-21T06:44:09.133635Z,349.47,350.84,348.06,349.46,174544,NASDAQ
MSFT,2025-09-21T06:45:09.133635Z,354.43,355.3,353.29,354.5,832376,NASDAQ
META,2025-09-21T06:46:09.133635Z,296.89,297.49,295.57,296.84,107995,NASDAQ
ADBE,2025-09-21T06:47:09.133635Z,497.12,497.83,495.12,496.16,493330,NASDAQ
ADBE,2025-09-21T06:48:09.133635Z,495.64,496.95,494.91,495.41,485734,NASDAQ
CRM,2025-09-21T06:49:09.133635Z,198.94,200.21,198.35,199.26,444759,NASDAQ
NFLX,2025-09-21T06:50:09.133635Z,395.12,397.26,393.5,395.31,207286,NASDAQ
AAPL,2025-09-21T06:51:09.133635Z,149.64,149.91,149.3,149.7,135598,NASDAQ
GOOGL,2025-09-21T06:52:09.133635Z,2846.61,2859.28,2842.5,2848.24,899546,NASDAQ
NFLX,2025-09-21T06:53:09.133635Z,407.86,409.83,406.31,406.74,237476,NASDAQ
NVDA,2025-09-21T06:54:09.133635Z,455.99,457.05,455.27,455.83,365033,NASDAQ
CRM,2025-09-21T06:55:09.133635Z,199.15,200.05,198.27,198.87,608461,NASDAQ
AAPL,2025-09-21T06:56:09.133635Z,149.39,149.88,148.82,149.02,664199,NASDAQ
AMZN,2025-09-21T06:57:09.133635Z,3241.72,3247.91,3231.9,3241.68,465341,NASDAQ
AAPL,2025-09-21T06:58:09.133635Z,150.22,150.48,149.74,150.08,811946,NASDAQ
NFLX,2025-09-21T06:59:09.133635Z,397.75,399.87,395.95,397.98,170542,NASDAQ
CRM,2025-09-21T07:00:09.133635Z,199.61,200.4,199.05,199.59,244547,NASDAQ
TSLA,2025-09-21T07:01:09.133635Z,254.38,255.27,253.15,254.71,296709,NASDAQ
TSLA,2025-09-21T07:02:09.133635Z,245.65,246.78,244.5,246.17,503443,NASDAQ
ADBE,2025-09-21T07:03:09.133635Z,505.93,508.1,504.07,504.62,726161,NASDAQ
CRM,2025-09-21T07:04:09.133635Z,198.21,199.44,197.63,198.45,166112,NASDAQ
META,2025-09-21T07:05:09.133635Z,295.71,296.14,293.97,295.18,263934,NASDAQ
ADBE,2025-09-21T07:06:09.133635Z,490.32,491.36,487.51,489.8,913828,NASDAQ
MSFT,2025-09-21T07:07:09.133635Z,345.11,346.56,343.37,345.07,491021,NASDAQ
AAPL,2025-09-21T07:08:09.133635Z,148.06,148.65,147.6,147.98,217632,NASDAQ
TSLA,2025-09-21T07:09:09.133635Z,250.91,252.56,249.88,251.32,357877,NASDAQ
ADBE,2025-09-21T07:10:09.133635Z,491.63,492.44,489.8,491.25,948055,NASDAQ
NFLX,2025-09-21T07:11:09.133635Z,398.1,399.92,395.36,396.56,337708,NASDAQ
META,2025-09-21T07:12:09.133635Z,295.71,296.5,293.97,295.35,649780,NASDAQ
NFLX,2025-09-21T07:13:09.133635Z,396.11,398.02,393.59,395.07,783514,NASDAQ
AAPL,2025-09-21T07:14:09.133635Z,150.15,150.53,149.67,150.05,679304,NASDAQ
AMZN,2025-09-21T07:15:09.133635Z,3192.92,3205.18,3182.19,3200.76,157067,NASDAQ
MSFT,2025-09-21T07:16:09.133635Z,350.67,351.21,349.39,350.36,936101,NASDAQ
GOOGL,2025-09-21T07:17:09.133635Z,2821.04,2835.47,2813.13,2823.43,606679,NASDAQ
NVDA,2025-09-21T07:18:09.133635Z,450.85,452.05,449.14,451.45,528674,NASDAQ
META,2025-09-21T07:19:09.133635Z,297.68,298.02,296.49,296.95,853208,NASDAQ
AMZN,2025-09-21T07:20:09.133635Z,3202.0,3206.99,3190.36,3201.38,953648,NASDAQ
META,2025-09-21T07:21:09.133635Z,297.02,298.17,296.21,296.63,89216,NASDAQ
META,2025-09-21T07:22:09.133635Z,300.49,301.79,299.29,299.94,776962,NASDAQ
NFLX,2025-09-21T07:23:09.133635Z,395.12,396.92,393.09,395.02,745496,NASDAQ
ADBE,2025-09-21T07:24:09.133635Z,504.1,507.18,502.5,505.84,93238,NASDAQ
TSLA,2025-09-21T07:25:09.133635Z,246.91,247.88,245.61,246.21,690991,NASDAQ
ADBE,2025-09-21T07:26:09.133635Z,490.49,491.97,489.51,490.51,529787,NASDAQ
CRM,2025-09-21T07:27:09.133635Z,201.79,202.16,200.93,201.67,345812,NASDAQ
GOOGL,2025-09-21T07:28:09.133635Z,2790.01,2801.19,2777.13,2785.22,99131,NASDAQ
TSLA,2025-09-21T07:29:09.133635Z,245.89,246.94,245.43,245.89,915290,NASDAQ
TSLA,2025-09-21T07:30:09.133635Z,248.36,248.74,247.87,248.35,800926,NASDAQ
AAPL,2025-09-21T07:31:09.133635Z,150.6,151.55,149.93,151.06,314877,NASDAQ
CRM,2025-09-21T07:32:09.133635Z,198.09,198.68,197.24,197.62,494086,NASDAQ
MSFT,2025-09-21T07:33:09.133635Z,348.57,349.05,346.92,347.92,958958,NASDAQ
AMZN,2025-09-21T07:34:09.133635Z,3176.77,3192.0,3161.88,3176.08,333528,NASDAQ
NVDA,2025-09-21T07:35:09.133635Z,445.68,446.99,444.13,445.93,303323,NASDAQ
TSLA,2025-09-21T07:36:09.133635Z,245.91,246.89,244.83,246.62,768603,NASDAQ
ADBE,2025-09-21T07:37:09.133635Z,490.7,493.0,489.24,491.94,957244,NASDAQ
MSFT,2025-09-21T07:38:09.133635Z,349.21,350.97,347.7,349.84,354564,NASDAQ
AAPL,2025-09-21T07:39:09.133635Z,148.76,149.54,148.15,148.84,497109,NASDAQ
GOOGL,2025-09-21T07:40:09.133635Z,2832.81,2848.62,2826.39,2836.01,904129,NASDAQ
CRM,2025-09-21T07:41:09.133635Z,198.8,199.69,198.27,198.69,728932,NASDAQ
META,2025-09-21T07:42:09.133635Z,300.29,301.67,298.44,299.93,476726,NASDAQ
NVDA,2025-09-21T07:43:09.133635Z,451.94,454.76,451.15,453.17,877745,NASDAQ
TSLA,2025-09-21T07:44:09.133635Z,249.18,250.21,247.61,248.4,507754,NASDAQ
NVDA,2025-09-21T07:45:09.133635Z,451.71,453.84,449.62,452.6,292414,NASDAQ
AAPL,2025-09-21T07:46:09.133635Z,150.55,151.07,150.25,150.41,600980,NASDAQ
GOOGL,2025-09-21T07:47:09.133635Z,2812.57,2825.51,2804.12,2809.8,199359,NASDAQ
META,2025-09-21T07:48:09.133635Z,296.5,296.94,295.52,296.12,335874,NASDAQ
GOOGL,2025-09-21T07:49:09.133635Z,2844.55,2856.23,2835.2,2845.6,149150,NASDAQ
NVDA,2025-09-21T07:50:09.133635Z,444.13,446.51,442.99,445.03,845276,NASDAQ
AMZN,2025-09-21T07:51:09.133635Z,3264.94,3270.02,3241.66,3257.76,344122,NASDAQ
MSFT,2025-09-21T07:52:09.133635Z,346.39,347.8,344.81,345.89,398298,NASDAQ
META,2025-09-21T07:53:09.133635Z,294.2,295.69,293.24,295.09,693807,NASDAQ
ADBE,2025-09-21T07:54:09.133635Z,509.36,510.78,508.83,509.63,517352,NASDAQ
NFLX,2025-09-21T07:55:09.133635Z,399.22,400.64,397.7,399.03,332787,NASDAQ
META,2025-09-21T07:56:09.133635Z,303.86,304.69,302.91,303.22,117365,NASDAQ
NVDA,2025-09-21T07:57:09.133635Z,445.56,448.71,443.6,446.83,440542,NASDAQ
NFLX,2025-09-21T07:58:09.133635Z,408.69,409.94,407.04,408.69,858061,NASDAQ
TSLA,2025-09-21T07:59:09.133635Z,248.41,249.02,247.71,248.65,695009,NASDAQ
TSLA,2025-09-21T08:00:09.133635Z,247.97,249.06,246.1,247.06,791989,NASDAQ
NVDA,2025-09-21T08:01:09.133635Z,448.89,451.88,448.35,450.35,296722,NASDAQ
META,2025-09-21T08:02:09.133635Z,301.65,302.41,300.96,301.81,586517,NASDAQ
NFLX,2025-09-21T08:03:09.133635Z,399.12,401.13,398.33,400.23,375455,NASDAQ
META,2025-09-21T08:04:09.133635Z,302.3,303.61,300.76,301.46,325617,NASDAQ
AAPL,2025-09-21T08:05:09.133635Z,148.47,149.32,147.91,148.59,534011,NASDAQ
META,2025-09-21T08:06:09.133635Z,297.59,298.67,296.55,297.67,238474,NASDAQ
GOOGL,2025-09-21T08:07:09.133635Z,2801.93,2814.16,2792.24,2802.39,228855,NASDAQ
MSFT,2025-09-21T08:08:09.133635Z,344.04,344.63,342.42,344.03,552329,NASDAQ
TSLA,2025-09-21T08:09:09.133635Z,252.47,253.15,251.41,252.35,891717,NASDAQ
AMZN,2025-09-21T08:10:09.133635Z,3187.2,3197.97,3171.69,3186.93,278469,NASDAQ
META,2025-09-21T08:11:09.133635Z,305.45,305.97,304.63,305.11,553205,NASDAQ
META,2025-09-21T08:12:09.133635Z,295.82,297.03,294.17,295.61,943542,NASDAQ
AMZN,2025-09-21T08:13:09.133635Z,3159.06,3163.06,3143.9,3158.07,619649,NASDAQ
AAPL,2025-09-21T08:14:09.133635Z,149.08,149.49,148.57,149.23,238176,NASDAQ
AMZN,2025-09-21T08:15:09.133635Z,3161.56,3166.02,3145.88,3154.25,515989,NASDAQ
NVDA,2025-09-21T08:16:09.133635Z,457.73,460.54,456.93,459.03,721379,NASDAQ
CRM,2025-09-21T08:17:09.133635Z,196.18,196.7,195.89,196.47,703573,NASDAQ
NFLX,2025-09-21T08:18:09.133635Z,394.93,396.64,392.69,394.12,857628,NASDAQ
CRM,2025-09-21T08:19:09.133635Z,199.36,199.75,198.16,199.15,205595,NASDAQ
TSLA,2025-09-21T08:20:09.133635Z,250.56,251.64,250.26,250.98,193854,NASDAQ
AMZN,2025-09-21T08:21:09.133635Z,3190.53,3194.19,3174.31,3181.13,950172,NASDAQ
NVDA,2025-09-21T08:22:09.133635Z,444.31,446.14,442.16,444.07,533744,NASDAQ
AAPL,2025-09-21T08:23:09.133635Z,148.55,148.91,148.29,148.59,940004,NASDAQ
META,2025-09-21T08:24:09.133635Z,294.94,296.29,294.32,295.09,123045,NASDAQ
META,2025-09-21T08:25:09.133635Z,296.83,298.32,296.04,297.06,1007300,NASDAQ
AMZN,2025-09-21T08:26:09.133635Z,3169.17,3182.99,3165.97,3172.5,819480,NASDAQ
ADBE,2025-09-21T08:27:09.133635Z,489.11,491.58,487.31,489.34,133116,NASDAQ
META,2025-09-21T08:28:09.133635Z,295.48,297.39,295.09,295.95,488025,NASDAQ
GOOGL,2025-09-21T08:29:09.133635Z,2816.21,2824.62,2805.97,2819.62,637756,NASDAQ
ADBE,2025-09-21T08:30:09.133635Z,493.88,496.55,493.34,494.38,669885,NASDAQ
CRM,2025-09-21T08:31:09.133635Z,199.45,200.43,199.01,199.45,1004585,NASDAQ
CRM,2025-09-21T08:32:09.133635Z,199.04,199.6,198.82,199.22,350230,NASDAQ
ADBE,2025-09-21T08:33:09.133635Z,502.29,503.6,498.93,501.19,569524,NASDAQ
AAPL,2025-09-21T08:34:09.133635Z,149.28,149.8,148.46,149.14,740553,NASDAQ
AAPL,2025-09-21T08:35:09.133635Z,151.64,152.25,151.34,151.94,705387,NASDAQ
ADBE,2025-09-21T08:36:09.133635Z,508.16,511.57,506.19,509.27,520378,NASDAQ
NVDA,2025-09-21T08:37:09.133635Z,441.77,444.93,440.37,442.89,660474,NASDAQ
NVDA,2025-09-21T08:38:09.133635Z,458.29,460.45,454.95,457.22,474410,NASDAQ
NFLX,2025-09-21T08:39:09.133635Z,392.78,394.32,391.57,392.54,366485,NASDAQ
MSFT,2025-09-21T08:40:09.133635Z,353.39,354.63,352.24,353.65,867278,NASDAQ
NFLX,2025-09-21T08:41:09.133635Z,398.14,399.67,396.6,397.38,843581,NASDAQ
CRM,2025-09-21T08:42:09.133635Z,199.14,199.81,197.78,198.63,109370,NASDAQ
MSFT,2025-09-21T08:43:09.133635Z,352.37,353.66,350.77,352.39,199984,NASDAQ
NVDA,2025-09-21T08:44:09.133635Z,451.34,452.03,449.68,450.26,969634,NASDAQ
CRM,2025-09-21T08:45:09.133635Z,199.84,201.28,198.88,200.34,822298,NASDAQ
TSLA,2025-09-21T08:46:09.133635Z,244.98,245.67,244.68,245.02,428418,NASDAQ
TSLA,2025-09-21T08:47:09.133635Z,252.6,253.37,251.75,252.63,666632,NASDAQ
NVDA,2025-09-21T08:48:09.133635Z,442.94,443.72,441.24,442.33,887512,NASDAQ
AMZN,2025-09-21T08:49:09.133635Z,3229.04,3239.19,3218.48,3225.27,710475,NASDAQ
AMZN,2025-09-21T08:50:09.133635Z,3145.03,3166.72,3138.06,3151.29,745193,NASDAQ
CRM,2025-09-21T08:51:09.133635Z,200.43,201.32,199.93,200.74,267523,NASDAQ
META,2025-09-21T08:52:09.133635Z,297.9,298.91,296.98,297.85,333998,NASDAQ
ADBE,2025-09-21T08:53:09.133635Z,505.74,509.77,503.23,507.51,250381,NASDAQ
AAPL,2025-09-21T08:54:09.133635Z,150.94,151.63,150.3,151.21,773958,NASDAQ
META,2025-09-21T08:55:09.133635Z,303.31,304.39,301.25,302.59,233990,NASDAQ
ADBE,2025-09-21T08:56:09.133635Z,492.41,494.69,490.23,492.81,576018,NASDAQ
AMZN,2025-09-21T08:57:09.133635Z,3198.22,3203.16,3186.5,3198.97,300514,NASDAQ
META,2025-09-21T08:58:09.133635Z,303.17,304.71,302.03,303.58,598334,NASDAQ
NFLX,2025-09-21T08:59:09.133635Z,393.14,394.37,392.13,393.83,310413,NASDAQ
CRM,2025-09-21T09:00:09.133635Z,200.38,201.44,199.78,200.57,261163,NASDAQ
AAPL,2025-09-21T09:01:09.133635Z,151.05,151.76,150.24,150.81,497875,NASDAQ
META,2025-09-21T09:02:09.133635Z,301.03,301.77,300.43,301.31,516570,NASDAQ
NFLX,2025-09-21T09:03:09.133635Z,402.7,404.28,399.97,401.8,489651,NASDAQ
AAPL,2025-09-21T09:04:09.133635Z,147.63,148.23,146.94,147.82,148662,NASDAQ
NVDA,2025-09-21T09:05:09.133635Z,451.27,451.94,450.23,450.87,404113,NASDAQ
AMZN,2025-09-21T09:06:09.133635Z,3203.67,3216.56,3187.7,3208.26,823067,NASDAQ
ADBE,2025-09-21T09:07:09.133635Z,494.97,496.97,493.26,496.43,538216,NASDAQ
AAPL,2025-09-21T09:08:09.133635Z,147.5,147.74,147.33,147.56,104372,NASDAQ
META,2025-09-21T09:09:09.133635Z,297.81,298.94,297.36,297.66,306539,NASDAQ
NFLX,2025-09-21T09:10:09.133635Z,406.17,407.8,403.93,405.82,177347,NASDAQ
NFLX,2025-09-21T09:11:09.133635Z,397.31,398.65,395.33,397.59,485310,NASDAQ
CRM,2025-09-21T09:12:09.133635Z,196.81,197.7,195.83,196.76,836838,NASDAQ
CRM,2025-09-21T09:13:09.133635Z,202.83,203.57,201.92,203.17,772444,NASDAQ
TSLA,2025-09-21T09:14:09.133635Z,246.67,247.56,246.11,246.37,547901,NASDAQ
TSLA,2025-09-21T09:15:09.133635Z,247.0,247.3,245.88,246.91,121154,NASDAQ
META,2025-09-21T09:16:09.133635Z,305.06,305.63,304.43,305.3,477245,NASDAQ
AAPL,2025-09-21T09:17:09.133635Z,147.14,147.84,146.36,147.04,746729,NASDAQ
MSFT,2025-09-21T09:18:09.133635Z,345.36,346.85,344.68,345.44,400244,NASDAQ
TSLA,2025-09-21T09:19:09.133635Z,246.45,247.28,245.77,246.2,591492,NASDAQ
ADBE,2025-09-21T09:20:09.133635Z,507.13,509.56,503.44,505.43,607598,NASDAQ
TSLA,2025-09-21T09:21:09.133635Z,246.76,247.84,245.56,246.42,302025,NASDAQ
NVDA,2025-09-21T09:22:09.133635Z,455.32,457.4,452.87,454.48,526870,NASDAQ
META,2025-09-21T09:23:09.133635Z,301.88,302.84,300.58,302.35,152236,NASDAQ
AAPL,2025-09-21T09:24:09.133635Z,147.95,148.45,147.19,147.49,605072,NASDAQ
CRM,2025-09-21T09:25:09.133635Z,201.14,202.25,200.16,201.46,577871,NASDAQ
NFLX,2025-09-21T09:26:09.133635Z,400.52,401.64,398.8,400.65,206042,NASDAQ
NVDA,2025-09-21T09:27:09.133635Z,453.97,455.27,452.14,454.24,810113,NASDAQ
META,2025-09-21T09:28:09.133635Z,302.46,302.92,301.05,301.83,801921,NASDAQ
META,2025-09-21T09:29:09.133635Z,302.32,303.04,301.02,302.48,268063,NASDAQ
NVDA,2025-09-21T09:30:09.133635Z,449.23,450.59,447.4,449.19,935080,NASDAQ
AAPL,2025-09-21T09:31:09.133635Z,147.46,148.03,146.89,147.54,222797,NASDAQ
MSFT,2025-09-21T09:32:09.133635Z,344.61,346.13,343.66,344.3,390217,NASDAQ
TSLA,2025-09-21T09:33:09.133635Z,247.07,248.16,245.63,246.61,849667,NASDAQ
NVDA,2025-09-21T09:34:09.133635Z,447.94,449.95,445.77,448.23,542224,NASDAQ
META,2025-09-21T09:35:09.133635Z,299.0,300.15,297.71,299.36,477898,NASDAQ
GOOGL,2025-09-21T09:36:09.133635Z,2758.3,2761.81,2746.9,2749.67,484058,NASDAQ
AAPL,2025-09-21T09:37:09.133635Z,149.77,150.42,149.22,149.96,776046,NASDAQ
NVDA,2025-09-21T09:38:09.133635Z,452.73,454.77,450.61,452.77,714691,NASDAQ
TSLA,2025-09-21T09:39:09.133635Z,249.2,250.72,248.02,249.66,219906,NASDAQ
AMZN,2025-09-21T09:40:09.133635Z,3238.73,3247.66,3232.79,3240.43,325656,NASDAQ
GOOGL,2025-09-21T09:41:09.133635Z,2767.99,2771.16,2755.43,2767.35,389159,NASDAQ
MSFT,2025-09-21T09:42:09.133635Z,342.73,343.32,341.33,342.89,257139,NASDAQ
GOOGL,2025-09-21T09:43:09.133635Z,2760.75,2768.3,2754.41,2759.34,450833,NASDAQ
GOOGL,2025-09-21T09:44:09.133635Z,2788.82,2796.87,2780.11,2788.91,456513,NASDAQ
GOOGL,2025-09-21T09:45:09.133635Z,2839.16,2844.81,2826.36,2840.64,300582,NASDAQ
TSLA,2025-09-21T09:46:09.133635Z,252.14,254.2,251.57,252.94,314479,NASDAQ
AAPL,2025-09-21T09:47:09.133635Z,151.98,152.67,151.24,152.33,474298,NASDAQ
NVDA,2025-09-21T09:48:09.133635Z,453.16,455.08,452.57,453.11,461704,NASDAQ
META,2025-09-21T09:49:09.133635Z,295.85,296.27,294.01,295.35,469627,NASDAQ
MSFT,2025-09-21T09:50:09.133635Z,354.78,356.48,353.19,354.21,638747,NASDAQ
GOOGL,2025-09-21T09:51:09.133635Z,2856.91,2867.45,2853.16,2858.24,361330,NASDAQ
CRM,2025-09-21T09:52:09.133635Z,198.25,199.31,197.79,198.87,803369,NASDAQ
MSFT,2025-09-21T09:53:09.133635Z,345.99,347.59,345.63,346.12,191773,NASDAQ
MSFT,2025-09-21T09:54:09.133635Z,353.75,355.21,352.66,354.09,148690,NASDAQ
NFLX,2025-09-21T09:55:09.133635Z,397.19,399.8,395.65,397.9,165926,NASDAQ
TSLA,2025-09-21T09:56:09.133635Z,249.19,249.78,248.53,249.3,609844,NASDAQ
CRM,2025-09-21T09:57:09.133635Z,199.39,200.23,198.85,199.61,468526,NASDAQ
MSFT,2025-09-21T09:58:09.133635Z,349.39,351.09,347.99,349.65,533476,NASDAQ
GOOGL,2025-09-21T09:59:09.133635Z,2802.83,2810.88,2794.49,2807.7,710154,NASDAQ
AMZN,2025-09-21T10:00:09.133635Z,3260.87,3281.49,3251.91,3266.3,383103,NASDAQ
AMZN,2025-09-21T10:01:09.133635Z,3239.06,3257.54,3230.17,3243.91,284043,NASDAQ
NVDA,2025-09-21T10:02:09.133635Z,457.33,459.62,455.92,457.58,650868,NASDAQ
NVDA,2025-09-21T10:03:09.133635Z,448.38,449.31,446.52,447.49,523777,NASDAQ
AAPL,2025-09-21T10:04:09.133635Z,152.12,152.44,151.54,151.94,855139,NASDAQ
ADBE,2025-09-21T10:05:09.133635Z,509.61,511.31,507.75,508.93,629291,NASDAQ
GOOGL,2025-09-21T10:06:09.133635Z,2766.49,2782.6,2759.37,2774.49,752168,NASDAQ
ADBE,2025-09-21T10:07:09.133635Z,502.5,503.55,501.32,502.67,650700,NASDAQ
ADBE,2025-09-21T10:08:09.133635Z,507.53,509.54,506.01,506.92,374422,NASDAQ
NVDA,2025-09-21T10:09:09.133635Z,450.09,452.56,448.46,450.44,604734,NASDAQ
CRM,2025-09-21T10:10:09.133635Z,196.1,196.91,195.43,195.89,284903,NASDAQ
AMZN,2025-09-21T10:11:09.133635Z,3196.21,3210.15,3188.73,3196.05,951145,NASDAQ
CRM,2025-09-21T10:12:09.133635Z,202.46,203.5,201.96,202.8,763308,NASDAQ
GOOGL,2025-09-21T10:13:09.133635Z,2761.62,2775.91,2752.57,2767.01,404596,NASDAQ
META,2025-09-21T10:14:09.133635Z,294.87,295.23,293.7,294.83,335462,NASDAQ
AAPL,2025-09-21T10:15:09.133635Z,152.46,153.12,152.3,152.63,907521,NASDAQ
AAPL,2025-09-21T10:16:09.133635Z,150.23,150.8,149.71,150.04,124693,NASDAQ
MSFT,2025-09-21T10:17:09.133635Z,345.65,346.08,344.76,345.57,423028,NASDAQ
NFLX,2025-09-21T10:18:09.133635Z,399.32,400.32,398.01,399.21,446555,NASDAQ
CRM,2025-09-21T10:19:09.133635Z,200.24,200.99,199.92,200.13,596980,NASDAQ
META,2025-09-21T10:20:09.133635Z,297.98,298.41,296.54,297.41,721413,NASDAQ
NVDA,2025-09-21T10:21:09.133635Z,452.95,454.09,451.82,452.39,429005,NASDAQ
CRM,2025-09-21T10:22:09.133635Z,201.51,202.29,200.55,201.89,534503,NASDAQ
TSLA,2025-09-21T10:23:09.133635Z,251.82,252.49,250.58,251.66,670313,NASDAQ
NFLX,2025-09-21T10:24:09.133635Z,403.61,406.31,401.65,404.54,925248,NASDAQ
NVDA,2025-09-21T10:25:09.133635Z,457.42,459.72,455.32,458.59,257752,NASDAQ
AMZN,2025-09-21T10:26:09.133635Z,3133.28,3141.28,3123.8,3132.48,192746,NASDAQ
CRM,2025-09-21T10:27:09.133635Z,203.75,204.6,203.19,203.75,168651,NASDAQ
META,2025-09-21T10:28:09.133635Z,297.0,299.33,296.31,297.93,306924,NASDAQ
MSFT,2025-09-21T10:29:09.133635Z,343.17,344.75,342.6,343.78,990122,NASDAQ
AMZN,2025-09-21T10:30:09.133635Z,3171.27,3179.87,3165.6,3176.66,779517,NASDAQ
GOOGL,2025-09-21T10:31:09.133635Z,2824.88,2831.93,2817.69,2828.51,187699,NASDAQ
META,2025-09-21T10:32:09.133635Z,299.73,300.98,299.06,300.2,383620,NASDAQ
NVDA,2025-09-21T10:33:09.133635Z,457.61,459.43,456.03,457.9,849270,NASDAQ
META,2025-09-21T10:34:09.133635Z,302.63,303.01,300.77,302.1,925782,NASDAQ
ADBE,2025-09-21T10:35:09.133635Z,504.01,505.41,502.34,503.81,364772,NASDAQ
AAPL,2025-09-21T10:36:09.133635Z,152.05,152.88,151.66,152.25,777754,NASDAQ
AMZN,2025-09-21T10:37:09.133635Z,3204.66,3219.34,3200.46,3213.07,830721,NASDAQ
ADBE,2025-09-21T10:38:09.133635Z,507.31,507.93,504.79,506.54,246831,NASDAQ
AAPL,2025-09-21T10:39:09.133635Z,146.99,148.15,146.48,147.44,890378,NASDAQ
TSLA,2025-09-21T10:40:09.133635Z,247.97,249.01,246.93,247.2,775505,NASDAQ
META,2025-09-21T10:41:09.133635Z,298.11,299.59,297.5,298.55,685301,NASDAQ
NVDA,2025-09-21T10:42:09.133635Z,458.71,460.0,457.61,458.35,684118,NASDAQ
CRM,2025-09-21T10:43:09.133635Z,200.54,201.4,200.11,201.08,335716,NASDAQ
GOOGL,2025-09-21T10:44:09.133635Z,2829.98,2835.5,2811.32,2822.76,490133,NASDAQ
TSLA,2025-09-21T10:45:09.133635Z,244.98,245.46,243.92,245.12,282062,NASDAQ
META,2025-09-21T10:46:09.133635Z,303.89,304.87,303.56,304.39,276160,NASDAQ
CRM,2025-09-21T10:47:09.133635Z,202.77,203.66,202.11,203.02,396675,NASDAQ
NFLX,2025-09-21T10:48:09.133635Z,397.75,398.98,396.86,397.97,671537,NASDAQ
NFLX,2025-09-21T10:49:09.133635Z,406.89,408.52,404.71,406.38,858697,NASDAQ
CRM,2025-09-21T10:50:09.133635Z,199.09,199.36,197.93,198.57,470121,NASDAQ
META,2025-09-21T10:51:09.133635Z,298.17,298.74,296.99,297.39,589109,NASDAQ
META,2025-09-21T10:52:09.133635Z,296.62,297.98,296.11,296.61,882904,NASDAQ
GOOGL,2025-09-21T10:53:09.133635Z,2791.04,2795.97,2784.34,2788.0,870785,NASDAQ
NVDA,2025-09-21T10:54:09.133635Z,444.59,446.09,442.35,444.52,956272,NASDAQ
TSLA,2025-09-21T10:55:09.133635Z,246.7,247.29,245.64,245.93,286215,NASDAQ
AAPL,2025-09-21T10:56:09.133635Z,148.93,149.32,148.3,148.82,1004523,NASDAQ
CRM,2025-09-21T10:57:09.133635Z,204.0,204.3,203.1,203.52,942007,NASDAQ
AMZN,2025-09-21T10:58:09.133635Z,3224.85,3245.57,3221.21,3232.83,727542,NASDAQ
META,2025-09-21T10:59:09.133635Z,298.86,299.49,298.27,299.02,279959,NASDAQ
ADBE,2025-09-21T11:00:09.133635Z,506.11,507.34,502.66,504.79,324710,NASDAQ
AAPL,2025-09-21T11:01:09.133635Z,151.92,152.73,151.75,151.99,322919,NASDAQ
META,2025-09-21T11:02:09.133635Z,300.99,302.13,299.45,300.76,218719,NASDAQ
MSFT,2025-09-21T11:03:09.133635Z,354.37,355.62,353.64,354.18,141102,NASDAQ
TSLA,2025-09-21T11:04:09.133635Z,247.36,248.58,246.61,247.98,84683,NASDAQ
CRM,2025-09-21T11:05:09.133635Z,200.77,201.23,200.03,200.55,507573,NASDAQ
GOOGL,2025-09-21T11:06:09.133635Z,2746.84,2758.57,2737.24,2744.26,442319,NASDAQ
AMZN,2025-09-21T11:07:09.133635Z,3221.73,3231.51,3213.26,3226.48,347383,NASDAQ
TSLA,2025-09-21T11:08:09.133635Z,246.29,246.93,244.87,245.84,906956,NASDAQ
NFLX,2025-09-21T11:09:09.133635Z,399.74,401.61,398.63,400.63,487966,NASDAQ
ADBE,2025-09-21T11:10:09.133635Z,506.64,510.5,504.29,508.01,531608,NASDAQ
NFLX,2025-09-21T11:11:09.133635Z,397.34,399.24,394.95,396.16,923277,NASDAQ
GOOGL,2025-09-21T11:12:09.133635Z,2780.15,2793.74,2767.43,2779.12,569292,NASDAQ
AMZN,2025-09-21T11:13:09.133635Z,3166.06,3178.22,3161.77,3172.11,254245,NASDAQ
NFLX,2025-09-21T11:14:09.133635Z,395.41,397.03,394.82,395.47,656579,NASDAQ
ADBE,2025-09-21T11:15:09.133635Z,508.18,509.2,507.0,508.08,854321,NASDAQ
TSLA,2025-09-21T11:16:09.133635Z,250.71,251.6,249.36,250.6,571245,NASDAQ
AAPL,2025-09-21T11:17:09.133635Z,148.32,148.96,147.88,148.61,712963,NASDAQ
META,2025-09-21T11:18:09.133635Z,304.28,304.95,302.92,303.93,755924,NASDAQ
META,2025-09-21T11:19:09.133635Z,303.02,303.37,301.41,302.03,726937,NASDAQ
MSFT,2025-09-21T11:20:09.133635Z,346.82,348.5,345.21,345.6,165590,NASDAQ
AAPL,2025-09-21T11:21:09.133635Z,152.43,153.15,152.1,152.52,216425,NASDAQ
NFLX,2025-09-21T11:22:09.133635Z,407.22,408.01,406.3,407.01,213131,NASDAQ
NVDA,2025-09-21T11:23:09.133635Z,444.23,445.36,442.63,444.59,730640,NASDAQ
TSLA,2025-09-21T11:24:09.133635Z,250.75,251.84,249.87,250.75,864149,NASDAQ
NVDA,2025-09-21T11:25:09.133635Z,441.73,444.03,439.62,442.48,948060,NASDAQ
ADBE,2025-09-21T11:26:09.133635Z,490.17,490.87,488.12,490.03,163104,NASDAQ
MSFT,2025-09-21T11:27:09.133635Z,347.26,348.32,346.2,347.31,145131,NASDAQ
META,2025-09-21T11:28:09.133635Z,300.62,301.85,300.09,301.36,405221,NASDAQ
AMZN,2025-09-21T11:29:09.133635Z,3188.93,3196.13,3180.63,3187.83,674102,NASDAQ
TSLA,2025-09-21T11:30:09.133635Z,250.08,250.97,248.94,250.6,938295,NASDAQ
META,2025-09-21T11:31:09.133635Z,299.64,300.29,299.11,299.43,425145,NASDAQ
CRM,2025-09-21T11:32:09.133635Z,203.66,204.58,203.11,203.62,510902,NASDAQ
NVDA,2025-09-21T11:33:09.133635Z,442.04,443.58,440.64,441.62,705975,NASDAQ
ADBE,2025-09-21T11:34:09.133635Z,499.63,501.28,498.08,499.04,418901,NASDAQ
META,2025-09-21T11:35:09.133635Z,303.01,303.34,301.98,302.47,974537,NASDAQ
MSFT,2025-09-21T11:36:09.133635Z,350.89,352.68,349.41,351.58,848484,NASDAQ
NFLX,2025-09-21T11:37:09.133635Z,396.34,398.12,394.12,395.94,783465,NASDAQ
TSLA,2025-09-21T11:38:09.133635Z,246.42,247.14,246.07,246.49,663526,NASDAQ
CRM,2025-09-21T11:39:09.133635Z,199.31,200.13,198.4,199.43,553378,NASDAQ
NFLX,2025-09-21T11:40:09.133635Z,398.74,400.34,397.86,398.46,571457,NASDAQ
NVDA,2025-09-21T11:41:09.133635Z,444.49,445.97,443.07,445.41,718999,NASDAQ
NVDA,2025-09-21T11:42:09.133635Z,455.05,456.36,451.96,454.09,371833,NASDAQ
CRM,2025-09-21T11:43:09.133635Z,200.8,201.11,200.01,200.88,393622,NASDAQ
AAPL,2025-09-21T11:44:09.133635Z,149.47,149.63,148.99,149.41,764037,NASDAQ
META,2025-09-21T11:45:09.133635Z,297.75,298.74,295.59,296.65,769305,NASDAQ
NFLX,2025-09-21T11:46:09.133635Z,403.14,404.0,401.78,402.52,915094,NASDAQ
CRM,2025-09-21T11:47:09.133635Z,197.4,198.38,196.59,197.05,129300,NASDAQ
ADBE,2025-09-21T11:48:09.133635Z,490.4,491.85,489.42,490.12,606731,NASDAQ
GOOGL,2025-09-21T11:49:09.133635Z,2844.57,2856.25,2836.37,2839.32,947644,NASDAQ
ADBE,2025-09-21T11:50:09.133635Z,497.55,499.33,493.78,496.24,406675,NASDAQ
AAPL,2025-09-21T11:51:09.133635Z,149.78,150.27,149.35,149.78,201648,NASDAQ
MSFT,2025-09-21T11:52:09.133635Z,349.23,350.44,348.25,348.81,357303,NASDAQ
AAPL,2025-09-21T11:53:09.133635Z,150.41,150.65,150.12,150.42,748158,NASDAQ
META,2025-09-21T11:54:09.133635Z,302.05,302.55,301.45,302.24,700752,NASDAQ
ADBE,2025-09-21T11:55:09.133635Z,503.48,504.41,501.93,503.31,544534,NASDAQ
AAPL,2025-09-21T11:56:09.133635Z,147.25,148.02,146.93,147.53,327934,NASDAQ
CRM,2025-09-21T11:57:09.133635Z,198.98,199.24,198.55,198.97,851772,NASDAQ
GOOGL,2025-09-21T11:58:09.133635Z,2814.15,2822.3,2798.09,2807.99,341764,NASDAQ
AMZN,2025-09-21T11:59:09.133635Z,3214.92,3228.95,3199.85,3219.91,533475,NASDAQ
AAPL,2025-09-21T12:00:09.133635Z,150.67,150.82,150.07,150.42,605967,NASDAQ
AMZN,2025-09-21T12:01:09.133635Z,3151.95,3176.91,3138.79,3162.06,369256,NASDAQ
MSFT,2025-09-21T12:02:09.133635Z,347.2,348.16,345.69,347.73,468453,NASDAQ
GOOGL,2025-09-21T12:03:09.133635Z,2833.32,2837.66,2822.98,2831.52,472814,NASDAQ
AMZN,2025-09-21T12:04:09.133635Z,3144.8,3156.19,3134.7,3151.05,425397,NASDAQ
META,2025-09-21T12:05:09.133635Z,301.4,303.31,301.03,301.97,413601,NASDAQ
AMZN,2025-09-21T12:06:09.133635Z,3249.28,3259.21,3237.76,3244.42,826020,NASDAQ
GOOGL,2025-09-21T12:07:09.133635Z,2768.87,2774.28,2759.42,2768.48,379845,NASDAQ
TSLA,2025-09-21T12:08:09.133635Z,251.5,252.54,251.08,251.73,822533,NASDAQ
GOOGL,2025-09-21T12:09:09.133635Z,2859.1,2866.51,2851.21,2857.68,676523,NASDAQ
META,2025-09-21T12:10:09.133635Z,302.33,302.98,301.46,302.33,796536,NASDAQ
CRM,2025-09-21T12:11:09.133635Z,202.1,202.59,201.22,202.02,229768,NASDAQ
AAPL,2025-09-21T12:12:09.133635Z,152.01,152.7,151.5,152.45,744675,NASDAQ
MSFT,2025-09-21T12:13:09.133635Z,350.83,352.47,350.44,351.99,812525,NASDAQ
GOOGL,2025-09-21T12:14:09.133635Z,2767.33,2772.76,2755.67,2766.26,475247,NASDAQ
TSLA,2025-09-21T12:15:09.133635Z,252.27,253.14,250.99,252.03,889104,NASDAQ
CRM,2025-09-21T12:16:09.133635Z,198.85,200.24,197.96,199.26,238001,NASDAQ
GOOGL,2025-09-21T12:17:09.133635Z,2851.26,2867.73,2847.0,2853.58,159116,NASDAQ
AAPL,2025-09-21T12:18:09.133635Z,150.73,151.04,150.42,150.88,598929,NASDAQ
GOOGL,2025-09-21T12:19:09.133635Z,2757.21,2773.5,2754.37,2762.28,862689,NASDAQ
META,2025-09-21T12:20:09.133635Z,301.44,302.6,300.36,301.97,444702,NASDAQ
NVDA,2025-09-21T12:21:09.133635Z,442.32,444.47,440.81,441.97,271729,NASDAQ
ADBE,2025-09-21T12:22:09.133635Z,502.54,503.31,499.91,502.31,771546,NASDAQ
GOOGL,2025-09-21T12:23:09.133635Z,2769.04,2780.66,2764.62,2776.41,919872,NASDAQ
META,2025-09-21T12:24:09.133635Z,297.74,299.49,296.75,298.65,786824,NASDAQ
ADBE,2025-09-21T12:25:09.133635Z,505.55,508.01,502.6,504.79,735293,NASDAQ
META,2025-09-21T12:26:09.133635Z,300.28,301.36,299.16,299.54,734921,NASDAQ
CRM,2025-09-21T12:27:09.133635Z,197.11,197.6,196.22,196.91,105839,NASDAQ
AMZN,2025-09-21T12:28:09.133635Z,3248.0,3253.97,3242.07,3247.21,833807,NASDAQ
ADBE,2025-09-21T12:29:09.133635Z,501.47,503.15,499.83,502.33,816368,NASDAQ
META,2025-09-21T12:30:09.133635Z,299.91,301.56,298.85,300.25,341753,NASDAQ
MSFT,2025-09-21T12:31:09.133635Z,354.25,355.28,353.48,354.26,1019194,NASDAQ
AAPL,2025-09-21T12:32:09.133635Z,148.33,148.98,147.81,148.37,357055,NASDAQ
ADBE,2025-09-21T12:33:09.133635Z,508.45,509.48,505.94,506.92,790357,NASDAQ
GOOGL,2025-09-21T12:34:09.133635Z,2798.07,2805.64,2790.31,2798.48,817977,NASDAQ
GOOGL,2025-09-21T12:35:09.133635Z,2783.82,2796.31,2778.81,2785.51,807016,NASDAQ
META,2025-09-21T12:36:09.133635Z,303.55,304.83,302.74,304.19,507704,NASDAQ
NVDA,2025-09-21T12:37:09.133635Z,445.08,447.94,444.3,445.77,405474,NASDAQ
META,2025-09-21T12:38:09.133635Z,296.93,298.04,295.81,296.72,489429,NASDAQ
AMZN,2025-09-21T12:39:09.133635Z,3228.09,3239.16,3219.07,3230.74,587779,NASDAQ
NVDA,2025-09-21T12:40:09.133635Z,448.05,450.37,447.0,449.25,210099,NASDAQ
GOOGL,2025-09-21T12:41:09.133635Z,2830.38,2838.25,2821.9,2831.11,780048,NASDAQ
AMZN,2025-09-21T12:42:09.133635Z,3257.4,3278.82,3252.47,3267.07,805218,NASDAQ
CRM,2025-09-21T12:43:09.133635Z,197.4,198.3,197.14,197.68,878830,NASDAQ
TSLA,2025-09-21T12:44:09.133635Z,244.6,245.33,243.53,244.61,534905,NASDAQ
ADBE,2025-09-21T12:45:09.133635Z,490.64,492.5,488.53,491.77,596052,NASDAQ
TSLA,2025-09-21T12:46:09.133635Z,245.65,246.47,244.4,245.3,868243,NASDAQ
AAPL,2025-09-21T12:47:09.133635Z,151.34,151.7,151.09,151.37,904218,NASDAQ
TSLA,2025-09-21T12:48:09.133635Z,246.35,246.93,245.3,246.27,690228,NASDAQ
ADBE,2025-09-21T12:49:09.133635Z,509.43,510.6,508.1,508.84,517424,NASDAQ
AMZN,2025-09-21T12:50:09.133635Z,3221.84,3232.35,3205.0,3215.97,192248,NASDAQ
CRM,2025-09-21T12:51:09.133635Z,198.52,199.31,198.14,198.57,113924,NASDAQ
ADBE,2025-09-21T12:52:09.133635Z,504.39,506.85,502.24,504.45,604251,NASDAQ
AMZN,2025-09-21T12:53:09.133635Z,3261.89,3268.83,3251.71,3264.44,925043,NASDAQ
NVDA,2025-09-21T12:54:09.133635Z,453.09,454.95,451.74,452.63,337246,NASDAQ
TSLA,2025-09-21T12:55:09.133635Z,244.98,246.4,244.2,245.68,532702,NASDAQ
MSFT,2025-09-21T12:56:09.133635Z,343.6,345.79,342.41,344.19,398712,NASDAQ
ADBE,2025-09-21T12:57:09.133635Z,491.93,494.95,489.85,493.45,299542,NASDAQ
NFLX,2025-09-21T12:58:09.133635Z,404.62,405.67,403.22,404.15,548369,NASDAQ
META,2025-09-21T12:59:09.133635Z,296.19,297.66,294.34,295.26,229565,NASDAQ
META,2025-09-21T13:00:09.133635Z,300.1,300.59,299.22,300.02,795345,NASDAQ
AMZN,2025-09-21T13:01:09.133635Z,3155.87,3162.95,3141.46,3155.79,256041,NASDAQ
AAPL,2025-09-21T13:02:09.133635Z,150.98,151.68,150.39,151.0,528858,NASDAQ
AAPL,2025-09-21T13:03:09.133635Z,146.97,147.69,146.63,147.13,606375,NASDAQ
TSLA,2025-09-21T13:04:09.133635Z,248.11,248.44,247.5,247.92,549146,NASDAQ
GOOGL,2025-09-21T13:05:09.133635Z,2841.22,2858.48,2837.98,2851.66,716660,NASDAQ
AAPL,2025-09-21T13:06:09.133635Z,148.15,148.72,147.43,148.12,950782,NASDAQ
CRM,2025-09-21T13:07:09.133635Z,199.35,200.1,198.99,199.34,182314,NASDAQ
AAPL,2025-09-21T13:08:09.133635Z,152.87,153.23,152.24,152.47,481192,NASDAQ
CRM,2025-09-21T13:09:09.133635Z,201.21,202.07,200.41,201.05,1021163,NASDAQ
NVDA,2025-09-21T13:10:09.133635Z,450.55,451.31,449.79,450.24,145583,NASDAQ
NVDA,2025-09-21T13:11:09.133635Z,447.53,449.26,445.47,448.01,140701,NASDAQ
AMZN,2025-09-21T13:12:09.133635Z,3239.04,3242.93,3227.82,3239.53,807711,NASDAQ
NFLX,2025-09-21T13:13:09.133635Z,394.36,396.24,393.3,394.92,366532,NASDAQ
AMZN,2025-09-21T13:14:09.133635Z,3140.41,3153.85,3125.37,3146.27,632470,NASDAQ
ADBE,2025-09-21T13:15:09.133635Z,503.03,504.48,501.08,502.64,699544,NASDAQ
TSLA,2025-09-21T13:16:09.133635Z,248.99,249.58,248.25,248.71,475216,NASDAQ
MSFT,2025-09-21T13:17:09.133635Z,355.37,356.98,353.74,355.21,261622,NASDAQ
GOOGL,2025-09-21T13:18:09.133635Z,2804.03,2814.41,2796.24,2802.5,569581,NASDAQ
AAPL,2025-09-21T13:19:09.133635Z,147.65,148.1,147.29,147.65,473469,NASDAQ
CRM,2025-09-21T13:20:09.133635Z,201.28,202.01,200.83,201.57,792380,NASDAQ
NFLX,2025-09-21T13:21:09.133635Z,403.6,404.7,403.03,403.64,432433,NASDAQ
NVDA,2025-09-21T13:22:09.133635Z,456.69,458.34,453.64,455.41,634709,NASDAQ
TSLA,2025-09-21T13:23:09.133635Z,250.57,251.55,249.14,250.23,979919,NASDAQ
META,2025-09-21T13:24:09.133635Z,300.99,302.26,300.45,301.86,668735,NASDAQ
MSFT,2025-09-21T13:25:09.133635Z,353.66,355.0,352.57,353.68,652170,NASDAQ
ADBE,2025-09-21T13:26:09.133635Z,509.05,512.47,506.66,510.2,726988,NASDAQ
CRM,2025-09-21T13:27:09.133635Z,196.26,197.39,195.45,196.97,801980,NASDAQ
NFLX,2025-09-21T13:28:09.133635Z,397.68,399.19,395.27,396.86,239051,NASDAQ
TSLA,2025-09-21T13:29:09.133635Z,249.75,251.31,248.84,250.39,316051,NASDAQ
MSFT,2025-09-21T13:30:09.133635Z,345.98,346.8,345.09,345.62,264889,NASDAQ
AAPL,2025-09-21T13:31:09.133635Z,152.2,152.95,151.98,152.29,770786,NASDAQ
MSFT,2025-09-21T13:32:09.133635Z,349.24,350.92,347.52,348.79,930119,NASDAQ
GOOGL,2025-09-21T13:33:09.133635Z,2752.66,2757.91,2744.16,2754.32,637745,NASDAQ
GOOGL,2025-09-21T13:34:09.133635Z,2837.73,2849.78,2827.62,2846.73,319992,NASDAQ
TSLA,2025-09-21T13:35:09.133635Z,247.93,249.5,247.43,248.47,748381,NASDAQ
META,2025-09-21T13:36:09.133635Z,294.61,294.94,294.03,294.4,536230,NASDAQ
META,2025-09-21T13:37:09.133635Z,300.88,302.52,299.53,301.06,620543,NASDAQ
AAPL,2025-09-21T13:38:09.133635Z,148.14,148.56,147.67,148.38,797804,NASDAQ
AMZN,2025-09-21T13:39:09.133635Z,3202.49,3213.73,3197.44,3206.48,598701,NASDAQ
NFLX,2025-09-21T13:40:09.133635Z,405.23,407.23,404.28,406.29,353700,NASDAQ
NVDA,2025-09-21T13:41:09.133635Z,452.04,453.94,449.85,451.27,487845,NASDAQ
NVDA,2025-09-21T13:42:09.133635Z,448.96,449.86,446.68,448.35,743384,NASDAQ
TSLA,2025-09-21T13:43:09.133635Z,245.16,246.03,244.73,244.99,153932,NASDAQ
NFLX,2025-09-21T13:44:09.133635Z,406.48,407.69,405.83,406.42,552557,NASDAQ
GOOGL,2025-09-21T13:45:09.133635Z,2743.71,2758.18,2735.32,2746.82,894839,NASDAQ
MSFT,2025-09-21T13:46:09.133635Z,344.44,347.01,343.64,345.39,340338,NASDAQ
CRM,2025-09-21T13:47:09.133635Z,202.11,202.54,201.82,202.27,675482,NASDAQ
GOOGL,2025-09-21T13:48:09.133635Z,2832.97,2845.49,2829.09,2837.8,437441,NASDAQ
GOOGL,2025-09-21T13:49:09.133635Z,2858.4,2863.57,2854.15,2859.95,132814,NASDAQ
TSLA,2025-09-21T13:50:09.133635Z,248.55,249.79,247.68,248.55,940526,NASDAQ
CRM,2025-09-21T13:51:09.133635Z,198.77,199.67,198.24,199.02,803274,NASDAQ
CRM,2025-09-21T13:52:09.133635Z,201.84,202.45,201.0,202.05,797415,NASDAQ
GOOGL,2025-09-21T13:53:09.133635Z,2825.52,2836.86,2807.75,2819.22,873597,NASDAQ
CRM,2025-09-21T13:54:09.133635Z,199.27,199.97,198.92,199.49,864366,NASDAQ
META,2025-09-21T13:55:09.133635Z,296.22,297.56,294.37,295.57,318689,NASDAQ
NVDA,2025-09-21T13:56:09.133635Z,448.12,448.76,445.9,447.52,872758,NASDAQ
NVDA,2025-09-21T13:57:09.133635Z,441.61,444.05,439.94,441.95,592650,NASDAQ
GOOGL,2025-09-21T13:58:09.133635Z,2755.0,2765.25,2741.67,2759.79,547443,NASDAQ
GOOGL,2025-09-21T13:59:09.133635Z,2769.07,2781.06,2754.67,2763.41,893498,NASDAQ
AMZN,2025-09-21T14:00:09.133635Z,3254.67,3270.36,3243.1,3261.66,914666,NASDAQ
NVDA,2025-09-21T14:01:09.133635Z,451.33,453.42,449.23,451.64,834758,NASDAQ
NFLX,2025-09-21T14:02:09.133635Z,408.3,410.26,407.56,408.21,327107,NASDAQ
CRM,2025-09-21T14:03:09.133635Z,199.5,200.0,198.54,199.31,713064,NASDAQ
TSLA,2025-09-21T14:04:09.133635Z,250.82,251.12,249.88,250.86,548747,NASDAQ
CRM,2025-09-21T14:05:09.133635Z,198.2,198.68,197.59,197.98,581397,NASDAQ
TSLA,2025-09-21T14:06:09.133635Z,245.83,246.44,245.08,246.19,602417,NASDAQ
MSFT,2025-09-21T14:07:09.133635Z,344.18,345.75,343.05,344.74,989816,NASDAQ
GOOGL,2025-09-21T14:08:09.133635Z,2841.89,2845.15,2833.94,2841.47,497994,NASDAQ
NFLX,2025-09-21T14:09:09.133635Z,393.19,394.75,391.85,393.53,356785,NASDAQ
META,2025-09-21T14:10:09.133635Z,305.42,306.32,304.23,305.64,748293,NASDAQ
TSLA,2025-09-21T14:11:09.133635Z,252.14,252.56,251.5,251.97,649550,NASDAQ
META,2025-09-21T14:12:09.133635Z,305.39,306.0,303.72,305.11,533064,NASDAQ
NFLX,2025-09-21T14:13:09.133635Z,393.17,395.58,391.43,394.1,338803,NASDAQ
AAPL,2025-09-21T14:14:09.133635Z,150.97,151.24,150.45,151.0,449430,NASDAQ
NFLX,2025-09-21T14:15:09.133635Z,393.99,394.74,392.04,392.86,329216,NASDAQ
NVDA,2025-09-21T14:16:09.133635Z,457.89,459.71,456.28,457.23,854054,NASDAQ
AMZN,2025-09-21T14:17:09.133635Z,3149.8,3165.34,3143.26,3148.53,102259,NASDAQ
NFLX,2025-09-21T14:18:09.133635Z,396.64,397.21,396.05,396.8,691270,NASDAQ
NVDA,2025-09-21T14:19:09.133635Z,449.03,450.15,446.72,448.01,968757,NASDAQ
META,2025-09-21T14:20:09.133635Z,296.25,297.07,294.84,295.74,289398,NASDAQ
TSLA,2025-09-21T14:21:09.133635Z,254.2,254.61,253.17,253.58,308000,NASDAQ
MSFT,2025-09-21T14:22:09.133635Z,353.69,354.34,353.24,353.75,446962,NASDAQ
AAPL,2025-09-21T14:23:09.133635Z,148.53,148.8,148.25,148.54,189383,NASDAQ
TSLA,2025-09-21T14:24:09.133635Z,246.78,247.13,245.58,246.65,566354,NASDAQ
NFLX,2025-09-21T14:25:09.133635Z,402.39,404.37,400.33,401.32,587123,NASDAQ
GOOGL,2025-09-21T14:26:09.133635Z,2810.86,2817.32,2807.67,2811.24,800984,NASDAQ
CRM,2025-09-21T14:27:09.133635Z,200.63,201.77,200.03,201.07,341879,NASDAQ
GOOGL,2025-09-21T14:28:09.133635Z,2774.51,2792.71,2764.14,2779.31,313532,NASDAQ
CRM,2025-09-21T14:29:09.133635Z,200.09,200.92,199.09,200.01,317845,NASDAQ
META,2025-09-21T14:30:09.133635Z,301.86,303.1,300.53,302.04,213607,NASDAQ
NVDA,2025-09-21T14:31:09.133635Z,451.45,453.55,450.6,451.67,939508,NASDAQ
AAPL,2025-09-21T14:32:09.133635Z,150.93,151.23,150.38,150.96,225308,NASDAQ
META,2025-09-21T14:33:09.133635Z,305.31,306.9,304.22,305.93,343581,NASDAQ
NFLX,2025-09-21T14:34:09.133635Z,394.21,395.73,392.63,393.55,177902,NASDAQ
NVDA,2025-09-21T14:35:09.133635Z,458.62,459.78,455.52,457.33,278852,NASDAQ
AMZN,2025-09-21T14:36:09.133635Z,3204.91,3210.02,3184.96,3199.92,657147,NASDAQ
NVDA,2025-09-21T14:37:09.133635Z,443.0,444.5,440.22,442.4,620241,NASDAQ
AMZN,2025-09-21T14:38:09.133635Z,3234.92,3251.32,3223.49,3235.27,557392,NASDAQ
META,2025-09-21T14:39:09.133635Z,294.48,295.65,293.48,294.81,342718,NASDAQ
AAPL,2025-09-21T14:40:09.133635Z,150.38,150.9,150.06,150.22,368649,NASDAQ
NFLX,2025-09-21T14:41:09.133635Z,395.09,397.19,394.46,395.36,833699,NASDAQ
AMZN,2025-09-21T14:42:09.133635Z,3167.09,3171.73,3153.54,3168.4,819851,NASDAQ
TSLA,2025-09-21T14:43:09.133635Z,247.69,249.85,246.98,248.64,741616,NASDAQ
TSLA,2025-09-21T14:44:09.133635Z,254.45,255.21,253.9,254.51,737202,NASDAQ
NVDA,2025-09-21T14:45:09.133635Z,441.62,443.41,439.52,442.65,563267,NASDAQ
TSLA,2025-09-21T14:46:09.133635Z,247.5,247.88,246.36,247.34,569140,NASDAQ
AMZN,2025-09-21T14:47:09.133635Z,3179.71,3187.64,3169.5,3172.88,367773,NASDAQ
TSLA,2025-09-21T14:48:09.133635Z,249.21,250.45,248.39,248.97,825232,NASDAQ
TSLA,2025-09-21T14:49:09.133635Z,245.04,245.73,243.96,245.46,408005,NASDAQ
META,2025-09-21T14:50:09.133635Z,295.66,296.83,294.46,295.96,984173,NASDAQ
AAPL,2025-09-21T14:51:09.133635Z,151.13,151.59,150.75,151.42,975807,NASDAQ
GOOGL,2025-09-21T14:52:09.133635Z,2795.06,2807.06,2776.09,2789.57,446069,NASDAQ
GOOGL,2025-09-21T14:53:09.133635Z,2810.83,2818.39,2790.05,2802.32,860120,NASDAQ
GOOGL,2025-09-21T14:54:09.133635Z,2773.93,2779.5,2762.09,2774.79,182878,NASDAQ
AMZN,2025-09-21T14:55:09.133635Z,3145.59,3154.61,3132.16,3148.59,748590,NASDAQ
MSFT,2025-09-21T14:56:09.133635Z,353.73,355.47,352.27,353.69,228409,NASDAQ
AMZN,2025-09-21T14:57:09.133635Z,3202.64,3219.32,3198.32,3203.92,294629,NASDAQ
AMZN,2025-09-21T14:58:09.133635Z,3192.54,3205.77,3176.61,3194.51,496307,NASDAQ
MSFT,2025-09-21T14:59:09.133635Z,354.27,355.14,352.2,353.9,821129,NASDAQ
AMZN,2025-09-21T15:00:09.133635Z,3207.52,3219.58,3200.65,3213.69,654501,NASDAQ
GOOGL,2025-09-21T15:01:09.133635Z,2851.21,2865.31,2832.54,2843.33,559523,NASDAQ
NVDA,2025-09-21T15:02:09.133635Z,457.9,459.61,455.28,457.22,501629,NASDAQ
GOOGL,2025-09-21T15:03:09.133635Z,2748.82,2756.29,2730.48,2742.26,1022306,NASDAQ
CRM,2025-09-21T15:04:09.133635Z,200.62,201.0,199.73,200.01,577048,NASDAQ
NFLX,2025-09-21T15:05:09.133635Z,395.12,396.82,393.58,395.87,764360,NASDAQ
AAPL,2025-09-21T15:06:09.133635Z,147.43,147.7,146.46,147.1,755983,NASDAQ
GOOGL,2025-09-21T15:07:09.133635Z,2752.58,2764.78,2747.5,2752.34,486945,NASDAQ
AAPL,2025-09-21T15:08:09.133635Z,148.19,148.69,147.82,148.2,905057,NASDAQ
AAPL,2025-09-21T15:09:09.133635Z,150.54,150.85,150.16,150.33,749939,NASDAQ
MSFT,2025-09-21T15:10:09.133635Z,349.22,350.84,347.68,350.22,936068,NASDAQ
META,2025-09-21T15:11:09.133635Z,300.88,301.93,298.6,299.98,292142,NASDAQ
AMZN,2025-09-21T15:12:09.133635Z,3210.07,3225.38,3196.75,3214.39,338629,NASDAQ
GOOGL,2025-09-21T15:13:09.133635Z,2813.42,2816.73,2797.42,2810.94,765293,NASDAQ
ADBE,2025-09-21T15:14:09.133635Z,502.86,505.75,501.89,503.58,297202,NASDAQ
CRM,2025-09-21T15:15:09.133635Z,201.16,202.5,200.18,201.73,410679,NASDAQ
TSLA,2025-09-21T15:16:09.133635Z,247.79,248.1,246.58,247.81,307985,NASDAQ
AAPL,2025-09-21T15:17:09.133635Z,148.45,148.93,148.13,148.63,338641,NASDAQ
AMZN,2025-09-21T15:18:09.133635Z,3164.25,3180.13,3158.13,3168.74,337630,NASDAQ
GOOGL,2025-09-21T15:19:09.133635Z,2829.09,2840.94,2816.7,2822.61,240992,NASDAQ
AAPL,2025-09-21T15:20:09.133635Z,150.82,151.08,150.02,150.44,243723,NASDAQ
TSLA,2025-09-21T15:21:09.133635Z,252.31,253.96,251.92,252.83,353099,NASDAQ
